Puzzle 40x40 #0,40,40,17aU2e1OKa3eZ6Z445IIcI98OP9FIeWaIcKWioA8qA1gHO961954OX9GVAXGWCm9CaW836829OCe3GHKKXe8CKu8XqH6WIKIe1ZiGxHOOYe3OOd4q3Ke5JDge8A5P8YMOIHIaIpaeOe8I2eGKAYGbAA3HAK5W1G86wHaGGa2WaYe95e13aaI3HaCA69IOGQIIK92GGVn9461zAW2-4DK4YAG3CHAHF452tGI8XaXGw8-IKK86p2G6KWxe15cXe6K5HIfA81zGW9Ye_69mWaGICGIc4aeOGrWXIn1a1OY89W95YCaCmHXGGKWaHO1HIOOe1OKK9H8Go481i49CgGWB2K3HHCeIS4A3X14-WMINWebUA8n284-GTWKXHpADYaa5X6Wae6AW4Tw2WKe8Y94G8KeA_WcKB8CYe9Ym2mK328KK824_4Y4GWIeOYZmAX2_e94A11ta3uWHu2V2Ye-G5-GAO5Jefe1Y43KYg33221e96IK8AKAO9H4N1PeWI8K98I36OG8Q96CO8K4FqY9GH82W14IeXWa88eAK8OP2Ve5Y5-wWS96IH1AY45P1-kNAK-5eX3HX5xYWhWWWiWKH7WGYg2YXIvGKIXH41WeY2eX9I3GmWGe2cG2a3HD1a8x22eaXW8AeCKGoCeYmXMa934HHaYK8-9-YWAI2CY4e5mY1lma95Y6Wa233G82n8H_OXOH2WG1I92W9y191CXeAYH9IO591YUGH9a-WaA8XHYxH8aBYA44U64mrD5KI21YAHHKUJe93W941HGYKe8WeGO3WNGAA16AG6CJHe4T2YOj1mAeG2rW1-1HWC22tNa78-GOSW_5Ca8o891h-GH1OXOaAaz4HGHFG2q18G94921I82YaOWK634K2GW2Ko863D18W1bf4K5GcOY58-47KCe6WTYH62-I9H8cKGYe9mT9IXAm9O92FCOW4a25OHC9WAXACK1259-2YYV1HH344XeaI1fO1mK_e1-GIa6Iuee333KH2K12668mAa1-W3HOIYeaqm88a2eA5GaWWSKO3Y5W7HH14me56GEa4Wcm1YXmYAKW4AmYHEeOYYRA33tWa31ra6A54QA6G1CVeHK2H8-Yu3WamEKeX452A9m4H38d8eHmIYaC5-24H9mY968GACt4QI8IaaIm548aYVYYYKq91HY31a8YaJ5IG6Iz4D1W36A6HHXC2v3o942aenCIeCYP8XK5e5HIe6KG8WeIaOH39Ah8KH4Oe2XJGa9WIqHmHcHK354WtmO9F9JB1Wz6H3WI92j9NIKO1I1Ye9KEHWa1OeM282GH281emYHGPHYu2HCeHIOWVOgmI4GHE4YCKOHeaAeOa2OACHCqH1239JIX5CXe49H59ec4Kn196a3nAW6aAA36iGIeGB65155WtAGGH1HOKWH7e2l98aGWexeEe3Am9KeCaGKC4KWY4Wt9Q67X5d1i15AcCAez8aG1HKaH4X1eOEo1hS982819W8XeGWWHeYOXKlWAAOaeIG1VAafYH5H9aCH2-5WYAxA38-HOe8H5WW8H4YK3IAfGO4K6CK2nWKIYGeae133IY1H9EOIIaIam795GB9PIHO9AeO,279F858659C5E6782599D9983B9F9A199DA1BBA2qKWLe6am2aYWmmI1zA6W2639OIWG3O42a3O5OGKKYXAW3en86q5O19AIY1uM1_HO3AHC3Od8q6He5DfgK4K5P85ima5999UIK6YGaG58KHe1PeKXeK5eW24GXkYa24aW2aY59AYGmaIIXAa3e399C1f99ea241zEaGm1xe21-8q58KK4XCKK5y2K1V8a239C1k1-9eYGXF846K1VeGYc3eXe5eacYW1z8WIY5VOa6WIWI38IcGaYm1kG39uGI43e4aWIHAX9C6KmWGYWI5O2KI3OYGXAH9eG1P824o4IXg24M4K6YYm59E2HCm21-8MIN85PFA1E241-8r8HCHveqYaIHOX8aHOY41TkGWKKWKa2WGHeKt8cHi26Y59AX8m5O425e241x8YWG4aYXe7O5C1leIWKW1_Im78HE1l8Y5-85-85O5Q5fe2K1CYHgXCWG4Ka39eGHeHCaKWN8oYGaWKa2a6m624qa3O6GY1Ffea2K44424aYX8aG2KKY4Xi1_YHeH-h8Z9OaK2KYG5i1-hhe5-e5O3e65_Y1w4W1iGK5EWGKL8YX9v8KaXAWGGKYWKX99OWmWGK2q24a3ecWI1l8W59O245eXA1PC5e3Ob99C1A59AY1-9-e4KaG6KWKY3A1_X99AHCWa43OW24Z85zC3OKWGWGaaW2ap8a43OKHeH99CKa2Yd8H99-8IYWXAHlA19BeY41vCGXkJe59825eYY5UqH9C2aG2KG5AKWGK43O2r85e26YG3Oc5A1w25OsWm5AW1w41-8Y4m21lh9S1-8XE1_HOIWo4I1T-8YG6XCI59x8YG5v81QWGGa2aG4aGWH9C2HCm2KWWG2HiGXCq24G1Pf85A1Q65e1-8Ze3A61kKY61-99A4Je25ea6r99C5Ca6I1ym64WI4HCKmIWKXAmKWG59-8K5x8YYm24XeaaWJOW3etA1-8aa39SY5OXC5e4YGWXCG6KI1-83eX9AH9DOWGIWKYY4IW1SY63eY4ZAK24XAYm1SaG1Q645O3e5A42KXAHu5O5esHO3x8Im2r9CKH8cY624mte5AGY1-AnC4I6ZAY38YG59OG5O4p8YY39eImH-8WKa6H9OWGKXl8qIGIIIIXA42a5lAHAHQI1AHCWI1eacH9839l8cGW3O5OKK3O1vCoaWGI5S6IHCKb86HAYYH9A6KWGWH99OY6aYN85e4m586qWaIGacY3eJAHOK41_m39F9DB81_m5OWIa1j9h9em2a2HeaHSK4IG3eb8WG4KWGW5O5eGbA5u1e3AH9C1zCLCa2WYZ8HCKXA59eY398XAXA3fAGW39D9OHCXAWaYYa5Q2HS2aX9CnA26IK5C6M2IH8M6KW5A1lA4GY2KmY4HSY1x98a24H_HuYXemIKHCaGYm2Y4KWGt9DOnC5v8b8K5Q3e5x8aG1AH9A4m2YXEM1Tua24WGa24Xe24W5eY3OHl8KY39AI21_59QHeKYIa3e1-A1e5_5C1-AXA4KH8WGY2KHCIHQWm45O6YGn8H9eGH9eWmX9eGH9uX99999On9e1P9P9eX9eHO
Puzzle 40x40 #1,40,40,8E8HIaH82W4eISmaAG6GXaQ8W8UIu576514OOYie9X9W1WFI-Au1Ie94SHB1v69apI12XYY3VHm6Z1aWemY51xICW159YY1lY6XWH2WGWOWSaG98G4KcaHG9Q5Mm6IY8WOIc8K4PCYamHtk4m8pa82_6AY8e6y8K3Y4O9HH-1Ka5YH5AY88SHGWe8eg2-24CC2HAmAAgAm9AKXG2IYOX8f1PIOYo44aHa3aG5eZiwG46meY4Op1LGH3aJDiBYOYKA6YGW-5Y2HXWeH3I1YIbHAIn2HQ852eO6Y24eBX39Ku1hG3eB39O69855aHm6Ca18KII3T2HGvYK4AXY8n9I2YD61AEaK6Ee1KK2aH6Qv28I98421KKv2HA24aWYY194HKHaC5249HpGYI9Gm6KeA1tYIAAW84Cg8V26GeCChe2HCIA-5IKWlX63HC55Ken9mG5yH99XK4ma-25K6mXQKY84Y1XWXaeYmAAa25HmKmeKCA481YlCW198aIYAYatW3Kaf9y4cgKSa-G35eABa1-Ht1WWSarWL3C5H114J8OaeKGIYW5XG188IC8mKIW2CKGagYCHX849GfAm5AA3e4AeeI6maMLXYI9Cmga1emI6I52288-W1XY3519W73Ym1AIaCKIeHWKYHH8XHAmIWKKa-8GKFH93A-AIHM4ObT2eC9a4dXImH-W5HGHHIYW1YMe924C3249XYm4I21H9aK5aXIac51eaX9pa7e8155HD2P9Z2vAK3S2z59G22-Wa13GOWKO6XKH5Y8-K1YI642I1Gem2Y1G45AKl81e4J94d988t8KI21AaeCK4l1Ax1W_IYK94GtBXIKG4G36IW-5GaK1Y-HB45eWYWSGK491WB4zHe1GaeGY8-IYOG415m5H511a6amehtGIWee4WHQ1GZIH7KMWa8eBA5mCHC3112b6XXOA412z3X1tIHYOD1SXe9I2-AGOCAHGd9AH-GW8Aea9G3aeIa1HO1KHY2JiC2OWGe9CvWI2aeYHY6C_GBe-44XHo1xG59m8I584A9KB232UK8em1-W593538GeGe3A3IIYG4ZeHKC9GK9KlAHa87D9A8WXE94CG1IWGme2y3Hel12QY18KW-28Y8A6Oe16eKaIY8KqK-AW-4eWH2X2Gee9C5-gI25KGWaX3KYI1GWmeHyA148WIeXIV8O9EmCaK24YE5B4H-119WWYc2-ACO4WH3ne3OLXGW1YCeem5H2h9X88YeKCz2e66IW2LW8yHHX19m5687yauK9138WA4KG-25GKH1e5CY6Im5H8Kz86ee4SAHI919YmcK1IcGIHG2w2V2uC2V3AYYeXGoOOCCKYY1a4HC9Y5a-2KIeAYXOO498D2WI26Ga39eAaXe6OH-WHOip1HXGPfeOXI4K8Sa8eICKSXK988m56l4OI8Gm9XH81aXY44Y8AfNg4kIA-85G6DISYz8898G968vIAGaoAHCAAu66488HIWY121-24CCGH11TxG9YKYWGAHa35EHGA1HG8-G1a1H11G4AKaKKCxGQG2AI33IeIa3HGA5pAOIoYK9qHWFadIa9E1IM348584U4eI6n5WHo58KA8,1E4599A424259E39A46439D821F9E5E3A42665BAama424p9-An8aKI4neo1UX99UaGWmYHOtAmmn8IGY6YY1z9OWGH9eY1_5C6GYG44Wm2798I4WGHD9A4IqHPOX9A4239D8KWoXeI6Hlh861yI41_65AW5Cp8KXA239A5-8KIY5e5AH81uKWGKWHg1-8Wmm4HeXAHg5OIHAmWGa5Om2c1P9C5i24a59CIWHA7Bh81C6HAGXF8L8K39ffBBAmK5AXeW1-eY2Y6G5AmIGH9iYH9SWHf8Y4HC3AGGHiXCI5E1kG6KMmIXCI4K59e3O6a42599Cr8Y1UHA4Y3e1uaIWKcmWHEIY6neW5A4IYmcp84aa24GWK5v8KK42a2KYWI25eKImK24a5y2KIaG3OYYY1_59eY24WXg1z8m2K3OrAW5Oa5-eaY1zCm6HCKKHen9C4Hy599OY239-8KY3OXDeYWGY1OWX9eK3eYa25A6YXAYXA424HVOWGa2II5e59V86H9D9F8cLAn9-8mKHAMI1-At8WG79h8LOm5e4WGcG6a5eGaKW5O4WG4a62mKIWGmK19gHCKX82a1fA3eKYmY45eYa6X9BgXeIIXCL98Y39CIYW241-846HOY4I1uXA6GYaI3AIHA4KHeY43AHOa4KH9-8WKdeI65-AI5B8mMr8HOII1yX9C5-8KK2YYa58WHBeaG4mmWGIm5O2aGW599AKIX99feWKaX9UIne245AHf8b9E1FAKXE1zAa241-8I1C261eXC3eKHA1-e2H9CW2aGWKm2YGW2KY5z8WK1Qa1yI41l8Ka24KaHCK1l85x81l9AKI41_oX9AW24m6a1-AWIYW5-eb8YY2YGZ8H8aG2o1zAYG2I58K1-9em2WGK6KHeWGa39OHTV8I45e24HQW1SIHu5i2aG5BAHCXem6241i3O63eWG1_XC1x9AHCc1S3Aaa1-AW3OKY1F9eH-8W2KYII439eIa25O4KYYGcMmW6WGH9Od8IWI5AYHC6t8MH-8G3Ao1z8Ya6GIYGWH9eM461FeG5O1-8KIXemGWKWHC5OIIY24neK5OI259eteKaG7f9AWGXEI2624a24Xe1FOKHx81fe24K1-81eGYXCYG3AH99eGKqH-e1-858YGX82K59C5-gaG5A24IXCHAIG2465edAWG4WIY39V839uXCaYWGKZAb8H-8Ga42HQ1-em6WGHCZA3OLOWG2K3AYXAK1kIm24YHAXl8K3OaG1gG1Fe5OGIXA61Ep9SKI2m4WK2K1-8K2KYGY5OY39CHAWHl83AK1uHeIIWa5OJe2aq4aKW1w1V8nC1VOY5AHCWM3Om3A5A4IGYX9AH9-8YaYY5C3OWI1f8WI2m4IX9eKI65Om5-8K3PF8HCWMq5Oma4K1EI259CHSXAI24XAmt86aWGX9OYG4a3eGWY25fhg1kIH-8Y4XD9SHz82IWGam1F9A19PeY6HA7Om24GKaGKWG1-8W6X8Y41TV8a5AYG4K59C5uK4KWK21-8Wa4Y424WHAaHA3x8cWGYa3OIYaa6YW5edeX9PeH9fe1v9v999u19POGWH81v8H9OneWHPe1eH8
Puzzle 40x40 #2,40,40,1Y1ASGfaneXea5YaQ9KX2aaqKnAmamW9IA18aaaX2qAH8IeY6aG44B8IKIEK9mQGZGAmCa6YI-YeIeHW4-9mYaH22maa-G6a62OmKaKeOKXea5mY42W3Am5xH42K9GT4KAm4Y4Ye9A9964298Y6e1oILnI29XAa81I4aOGN87KbWCxGfC21aDrIiWGKa6G41meKH34y5L-4HHI-4oWeIKG2aAte51WaW-9952h-GIOfK4221KWWf6AW2D9e2mi95mo434INW8aGG_5GaOHa21Kd5ha5KmH2YG5-8AGW3aO14W2A6GKe14e2e8FANFG8KWWem9OAHc11W94cl395-9t2AG-w1e5Wa64IKG4-5AA65YA9O7IpY624GO6126916GW9OX4p9YAO5YG9WC51Gg2IX9WK29HIaIJ4K5g38HA4I54CKHAee192FW-4mTGKW-G1H486335eYKWAkmo66LJXqH1KWCCY48K4aOOeWGKm1-1IImC1e48xGFY5YY4o34YA4d9GT59IWaa6m6CHI2fO96iKYEAWWHKOAG45I-G9195C565iW-1KK6H6omHW5KB1aI4zKWAH5I1-WGAX6G6ac56eHG8F9ea6aK5e2a14Z8G4jm582K914NOmUKY38nYIOY1a186GA7AW8ZAtmXe9YW4-aHK4O92eY8ea8I6K74l8oY25IJEKIAGIeCm5Y5W83eeM362D46Y5Z4b8a4e8b8Y-4IGA39Xmat2aE2Ka5KdGAAYgmIamcHY8-2HWOmY2a4xX91468GWA5IOWk8W1G19Qe31WYYWI8HaHeCY53A2eCKaua8o5YWl4c811_C5XeHde9ZeHK5IGmYa43W2lWX12ueKIm1AI1-IeOYIeGO1V86au243GiReGzKZWaKHVIO9e9HaB5K1eWm94nKH22o4HT3Ia5WXA49a2I9C1vY9m53aXaKY1Y64WIAJ64K994nIWW91e69WaHabI413ImYAGKmHFH91wUaGHuaO1C69qWlmKY2HSHXHA4fGW_W9XnZ965Yw4YC9XmWxGAY4-WWKm1ymX3C86eA48GY8K9a4YKX2883KYgaeY1DGaC98m8KAKAeYA6ezYemuKWYOH6rIaS3YG88HAXGA1e5Xa_4BKYaG-8YIXHmAHeHKH8W1OmG4VWDGC_AG-WAYYG9h5m241a1Icv225SI9tWO5AImXKm45gw4XGYaU9eAG1I3QYE95GH2KmAHAW4mmYHK9eJfWG5YHa2Y4eaHGGO9WY5GTWH3gXmW-eWH52vme2HW5KeO9a9A9XK3lGi1KBe2WTWXKaYe8GKTCI4g8eHJO3aHYW1Hme4KWID8h8-H2-219aYQ4Y1AOO54a4A2a946e18kaQK6XI48IW24K2A7e8a3AuI36I2-eWsW-85GhzA38GeAXba-99mY8K4bOacIC3aYYI217Y545GEa544aK-N8KH82G1BO95I8EK89K56OA3H2uI4AI2M9e4aG2WYXYCYKWHY9Q2-8H2X1O9X78YAeaA3HXXW88Z9ieGCemXI4Hem6CG89WGt91tB2526YXaD5MQf9Ie12y9iGCccI2Ai9aiGA9H2ee1AA2o56972,1A45E1D9E5C59A59D9A6199DA7A39C199A41999C2qYYGa5emaW24o4a59uH9Cc1uGHOX9C59-A59AY41-9OKaY42X99-8maX863AaYHC5C59AXe4WGm5CH_YG2Ya2r8K5CWK4Y59eIIm4GaWYXA1P9g798aXAaG2I4Im1w4Zeb8Xl8q624IJh9i24H9O224mK5e61vAL-8K59-8MW59eGWaKtAKGGa1-99A1T-8aXDeG24GYWGcXAWGcIY43B9eXiGm19h8WI21VeWIXAa225vAN9eHCK2YGH-8KG26a62424HC2KKWG58K1y5Ty24KWG5CaXAHQ4WGa1D_maH-9x8Y1-h85e2a6WaYW1-e5eXe5AI6n9Fe6WWGXCWG6I1OWGIXC1yaHe6HAWI4XA41g4ImI4YGaH999f85eLO25A4IY2Xe5AYH8I1y1-86r8K1-8GY41C665e5e25w6o3OLQ3fAGK23OY42YGam6Y4WHC1-8aamm4Y21_1yKKKY1PO2KY1UI1wKIa2aIm66XAaGcX9CbAHSYGWYYXAG259-8IWIK6KXAo1-8HemHCo3eG5eb8Ia1VA4KHAI1-8WK3O4maq5OKYG1F9Aa6IK5e2a24n8WGsXA4GKaG1k3OdAYX8ZAa6K2aG4mWHuY41u5zC659eG1-9eY26aGHeGKI2ImYn8t8bA259Du59eWaYm3A5AWG3AKom61D8XAHS1P8I4YGb8H-8a2Y39CX9V8In8H9AKp8HeHg399Oc5A1-8KW66YGa1VOIW26WG4K59C2r8G2419QHC4WKY4IWKa5emKKXAWHCH9uI4beY1l8q241zC5CKYdAanAHeYa23ea26G1l8624ne59OWKa1-9eXeaY4mGt839S24m1PRe1_HEWIYHx9Ca59AabAYG586a1u5AWGMW5w399AG3eGaI2II6Gdea3Ama6IKY4Ym22a5Q38YIa1SI24I4HCa2IKIoIWGX9OKYWKm5vAI1Tya2HSIm2XCIq1_3eY4Hu5OKK1D81l8IXEZ9CKHkWY6IXC1V8KY1-8WHO1vC6XCWXAY24WK2KaIGYY6WG2mKHgaHe1QWI39864YYHe5A5OHxAY6ne4HCKmN99SXA4GW5A64K2KHCat8MHAa1-859OKmHAY5eY4WG6X81x8c2mte1-8YYYGaNAm2WGa19fF84Kn99x83eH9C6HCWKLkG6WH9UIHeWGI6JAZ9A4YGYXA5A4G3O5AYaKccWWHeH98YGH9A42mIGKK1w4HCLCm1-A2KY1UmYWKWK5A3999AI3A3x8M4HiY41w4Xea5AWGKrCIWL8KYcXCIK582HOKGKGaq1k1-A1-84aa5Q2YWY3OY4a2KWIa2mY21T9fAXCaW2aGWGKWKZeWa6HSI3OI1-e4s1-8K1TVe624KYXB9-99CY2Y1PCacIXCIHAIWGZeK2YGZ9eWGaH-h8HAGWG1i6IKI4ZeWIHe3O5OK1EIWKI1P9A4a4WGHC5O5A1eYIq1-8K26G39OZ8Y5eIHCY3O441uabA43eXCa4HA3Om2WIW1_I1VB8K2m5CIcHPff99eW1v9P8Xff98HP99P8H9eGHeGHe1PeX9uG
Puzzle 40x40 #3,40,40,69aW2fBIXGYAYH8ecm7999v418JDFB94KCOaf9pGQ52eA6621-568-5a2IHW1e1C9eIG296KKWeHmH248FeU1WYaYG1AS1GOYAY2-8eYHH5G6COeW-K2U9qL45G8-GG2LfWG5J96Y35eAYGm6IHCQ6A311GG4eWAGXOWYA5hK1eaaKO2C42G3YJ4aImKOAmC9GDq8-GWHC9nKeZ1AH4m9HH5ATz3I3WVGIa6AHC4A52I8Y936JWIYW8Y-8IWK1ao818IY64b41vaEIHDO93Ka83Ao95Kc1z849G-W4GISG9aOaw1-48G9aWIWYx939HCGG8K8IGA8IKA4Fr4Ci5e2YW4e4O2Oe9aQe11HHK45-Gw2GIXQ9ZKa8kIY9IYy9IZaOX53X9ZCY198YzWK5KeHAI9C51AQWAG14vI244HGAHY3eW51H2_4-eaYA5K46aKamfG4G6Y1T2K-8Y3aI3O2YKXI6I92W9WG25Xeuaa4K9IHTWHO4a14Y9aYJ4tWTWAHWO2gv8IAtA1_LOeXS5X6x29GK6LIuO2LIY19W9eBI9AaG8K1X5I8WeCm5HGK3WI4-W12Im932Ax54r1-1Aeb84h5IOI4YAGYWA6IXYC8A2mb1GXHO4KWWH14a2OC99S5C5OaY3I1z1e1CaoIay5YlGgIV1PA1-1XmXLOaWeDmI5S2WYqme-4Ku4Ze4C5GI1414YmIYHWIQ8WFKGWOKH2W-K5mHG89G1WGIDA8A1KDaKaI39C9JeZ69c1Hm9AWeAm9WALma-8Oe1f2-2I1XYq4de582K9KK41xKI6mK1oHaEKWY1eAY3ZGe2BWIGXKWAeCWWHw4IAK6aWt215IKXH5eYm6m5m55mmD2ze1i99aUee415WBG2AA18v4aAXIZ3IaHXB5OYH94IKH965mI9AK55AHY_4Ht8I2G91Wa92XI1PYACiaqmOH6mYH8Y622e6Xv1Y4I12paSA-Y491OOC3Oe31WW8g2YH9Ae7AygY1I3IHK3YAYaW4eG-895aWC3W-KWF4a1X3qX8Hb88zGIHHaAY85ChHm3KGD8UYIA9II4a8-29GYYHK4HZ61MK3nmi59A45OYm998KWK8-2IK14ACgl6H3eY21H1411I2Gem8X9eI5K46a59cWH85ZOe5YWeG894t9Wr-9Y5I9iA_OOXSIaaQHe9J86HH5m6I65C2-GQ8CO9G2CZ2259W4c2HCWGG1GX1mK31KX4lWXae584i9XXWBeCeA914rKYEIpK_1IpaAeKNI19442e6I2H2Y5KCK8AK636Yre9A89mO9pWG8Xf18GaWITCY1-GAx9aQ1-8aL5e4212GAY52XGGAVKeIxaHa9n1b2Ab1211v3a48e4m9eXlIO9HLe88t843XGmK21CgH45Y256I23da9XHGvOI1XAe4-41r4C53gII-1c9C5SK-1Ga95eW2HaA6KWY64AY9G982a4iGHmWW81l18HW8ooK36T2U411KKg4Y5WkFGhkXHaaA55C23eWGYHOA4mX6A91aY4-H28F5QX22GGGH5931-WI2pIeVLeaaIO9369Ym8WA9aa93H9aI922y8XaH46aH8bAW2n1AO,39981DB9C25A5A45DC7999F841DDFB985C39D9F8JA25e3OW1-Am1-eaWaK24YGX9eaWGI3eY4KY6YG41UHy24H9AWGHEWGXAYY1-8HA5AY263OK1-e1yIJgWKW1-824LD8WHD9CHOHeHA4m6IKmJOY6WG2W2KGK2XC2YHAreW599e6W62243Aq2aIm5CHCmI1DQ1-8WKX9SK5u25e439eHeHTzCIm1z8IaXAY38KY2IWH9CXD8aYW25-8a2K19B8WWa5O1i24p9EIHQX9OKI1CYb9e5Q1_WGa1-844I78aa39k1-8GWII2I45l9Oa5OW24Y4IWK2a5eGdh8mMYY2KWGYG386KIIqYWG5eY45-8r8Ga6qa7AaGN9eIIHv99EI3OYm6InCK2a25x8YYHe5AaamYWKq1eG41UI242YGKK5OYGKWY1_1-AIKHAY2ma59OcW243e1kGH-8HOaaXC2KY39OaIWGIGW25OHSaa1AaI5w4HCWI2WH99ec1l8r8KK4X8LF8I5zA1lgXA6nAm6t8a25OL9E61gIYGa2aYb99eaG2KWXAIWGHCmHAGYmGa1-8W2amI6GHVe1w1-85Ab81w59OI1AY1A4HCI6Y6WK46o42mHCWK42KWGa2m399SY65CI5OI1x8Y4mIoIadeKt8L9l8be1-86XCLCI4Yqma5u24HDO5-85SGneGXeGa2WGW5CaHeGacW1vAGW3eY21-AY3eWGaW2419DA4Y4HD9eaa39CacHE39Q2K6IKWKHOI25g39-83e2q1-8a1CYc1UYYWGYIHAG1_YIm3e1BAInAGKWHAHCn8YGb8a2mKWKHO24KN8IYHOI1V82KIHCKY5A3OXA3AKXCc1Ve4b999veYG4K1P82KYG4p8IYX9u6II5CMKm5eaGaHea3A399AHeY5A5x8Hl8I4GI24aIGmaWo5e6b9fC3e3OKK45O24KXCp8H8aG1v9EH-e4I4XC6m3em24W2L8KYaYY7ApgY4I39e5C5AYIWGY1-8aYI1O61-A1y2a2m3QmGKMG1x8IHAaYY2HONA3OYGc1UH9eIaIGa1-8I2KHAYWK7O1PAm7OMH9eGHO5OaIWK1A1-8IY4WHCLzC5OKY4WK224GaGWHC239Aa5e1Oa59QWH8Hu65eYWYW2a1_a1T-9e599i5VO6mZ999fe59Q465AYm39O5O1-8cGXCaWG6Z81eaWGcG5O2424W64mYm2HO1V8X9AYGWMaXC1iHO5Aa21kHe79y5x8ap9AK5T98aG245OI4YGY5e3e25e6m6HkH9eGaXCId8G2mcW24a19wXA1-8Kt99Q1-8aLeKWG241e5e4mG25VeH9_a599S4MWKb8WG1FOaGWY2X9A3x9Ca5g581_WG66WmY42XgYGYY45CaGXF99OK1FOIGXeY1-81kG3emL99-8J9OHEH-8Waa5AWG59e3eG5O45AIWI2WI1P8Y38WG1V82YGWMbeXCN8d824K5g4YY1TU1TTCH99AKHC26YG4KK6YGXC3eaGaK1-eW1vAJOWWGWWY59C1-8a1yIHlgYaIIX9OX9eX8WH9999OH999981v8X9eGX9e1PeGGn8HO
Puzzle 40x40 #4,40,40,25YY8WJq31eaHGeH3W28m9aI9uKGeqcDI9Y1459EcYyYHIa1HdW8le1O9vY854819mKA211CIa-83OeG8519WV5XA12hY2mYY6ca-1POy255C3aA5CeG4aaIGKXe219I2GtOHec3vGaGHXA5eCO3CY1CI8lre4aYCyWOI2KaHY2IIOe3294X3An5WueEKX543X418EIlYYAPeAHSAG9S49IYGHAaaHm54GY8HGt2HW28mI11K6XIg2qYHWT1H23XaMe3GIWK3xeaXOCIWNx4nKem9YKWXAKGdN4IY2SIJGA3E93YX2YqJYeq85GW9meG6CHAaD8-2WGMKen9GXJaHIO6AX512G4XX2h-GQ2IfH1W1W1aG3H8KI3AXe8W2m7Y98-a9-2a421eCYaS8YIW-2G2Ka98EW9ZKme-aH5a3KGG6Wkeae4XK28rux2HYfI-15BL8-251K221a9I8ICea21KyWAWkW8K84YWaY3Y139K21cKeHgIkKAC5PY9Ca4xWe4i2-4JH9WAO9Og2e4HWG174OG1W2eYKX1Q1aGaXxKYIGYW3Qad29KX3e9XmlW2AH4-WG548I4XHYgGKW4q36GH8WNG-8aAYZeea5Tw1KeAx9-GL-8e8c6KuG2HOXQGnK4GHYOG53C5Y2114uHC481WY226OS192AAI8IAKH5aWIC9aAH9mL-WEe86N17Hm5e8eCWHC84iWwWIHY3AAGPIIG9WB5Ga8Y15aGG5mg8IQI5-15-848kGs6m1AIIHXYGGHXe3PmG-2AYW941iXZ28I58C8-415G3B5Y5GIKIx153XW3O4L5mqeW-9X4Ym93A9a4aGgJI8X1-1IWGYY1aXKHCA84HI19GXaYOAIOoO585O52SIo5AA4Y-1uCaA3mWmG_5IH51oXAM5me1aIiIA912H3eHOmAGGeA1aAIHAaCWOYMaO4m1CeCa6kWG914xHKAXHaYvIHeVmIK62S8eUAY95O9A3A8924WBcg1K4HAIWa2WHH454PCaA8x1e95K3mm9x1ReN6W1G48x2n9934rJD9OGh1YI4b4Ae33W5ayY84e68va8-eu9AG4I4e2X51Wr495uHWS29XYC12beI93842cA4H852-HiOabA9YChW9eAYHHIGIAOx4GIWcI5e9aZHKiWG4aeem1q9CQG9GC6mGWz5X292mKaOMe6aY898Y2iP4YE4neK4K24W4wKK3AO68nAHYK9eYG9eE5Y2T59cYGmH6eKB5N1XY8-2YmYWK35OV29W9WX55G84He485XA35OYaK2xG948GI48s6aY45GY-1xGOmA9pLh4aH9W3CYIK6mX4-W3HKVee9GAA8Y8G8aOQmaC61A5emCHo1eWC5194h82ImmKXGWmagGHvW2Ja5XOABD25qAeG-IIIoX9GId19HW55xGKW-WWAAYAXi22913312A3WW1212XYM23w1eYmCm6aCHH6AA1YHWXGdKp9-16aaIL2-HOW4HN1cXe5CeAK8HA2YeeXaa9W3O1W45aXC9CPWAY4zaG8aIWp6KZ4oAWECz1o56H-IS4999fammHHa45YSa9AGC1e9uKA25Iae142BHG4CG,25A581DDC259A45A624439999E585DDD99A4259Eq5y5AaaW5y24te2mIpe2K242am5eWWW399-8m6YGWYWa1_Y3eW2reG6K5OJ9-8o3v8Y5C39AHCYG4aII2KXAWGII21zC5eqXF8IWHCKHA6mXCK1Oa1Vhe4IK3v86I1AIKKWaa3e6WI1O6YZA1uHEYXA4XCWGGZ9_K5eMHAKne2aZ8IaK2HAaIHOK24YGK1x8Y241CIWGYXCaL8q5A4r8K4mX9PAm4I1e3xAIXC6I1Tz8ZAK6IYYW3eY4ph8aY279D8KXEI65OGKJfeHQWY24ImYG3OKH9Q1-8GGbAHuIW3f9eImm5CY4G243O1T-8J8IJe424GWI23e2H9CK6K241O7ea1-99-8I2WWHCH9S2Ka1-842KII1S2aZem5-9AYIXAWG6WNAIK1CY41knl8YHf9-8HPg1-8H8YWG4III2I3eIWGKp8Y1w4WK2WK2I5CYG39AGWJA5AL9hAHOKMKI6I1l8K4M1-8cKa2Kma6L8K4K24Gn8m24GG5eYm2qGIWIXleKaGYGXf9y2aYm6YaXCt845A1-84Y42I4m5AL8KWGcXC2K41k1-8IYHu5eaHhh8HeHl9-8L-8Y2q3e78WKXCq4ZAWGYHCGHCXAY24GG7A6WGWGYWG3On8IWHAa2aYYKH98IX99e59OL-87eGmN87A6HA2K625O24o1w4IKY65A1P998a1BeWIWK1AaGWKmL8IqaH-85-8G2r8smm4H99A3e24HC5ObC1-85e4a24oXEWGaYG61-8WK1CbA5A4IH9x8YXCWXCWLe3fe1-9OWHCa6KaIWI1gca2m1-8I24HAGa65e3e24H98aG39AXeambCK4HCKWn9PAYH8H-87OaYm61O1_59AY1BO5PAXAWaab9ea245CKK63eGWKY4IYI5Aam26HP9OW61O5OaXh84a41xeYYXeIHF9e5zCIKm1u25yK59A6aK3e2a24Gbfg2K2KH98IWG5eWY4o39A1_WYa5AmmX9V8s5w6W24G1z8n99C1TDf9C2r8KI4MWHAmX8H9FAWGYm1yI1-AZ9A42a4YW3AW2r8a5uYG78I3A64WMH99O4W1QYGK2K1-AoX9PAIHCr8aY5AHeI4IKmt8WI1D9e599SKYo2WGIHA61QIXf8a2m3O41zAm4aG3AIXBAX9AWa2K1PP85S1uHAGK24W1TAKXAXCGZe5AKIHAGI5EHe1w59DeW3A3AHi5w43e1-85OY45OY3x8I4I4mYH824KY4W5C5OHOKaY1x8I4WGa24sX9AGKG5-8t83O59vgr8aYa1C3ea5O3O1-83e5xeH98He4YWGWI3QX9C6GY5e6m5i2KWXA2I1kG4IXCK62439g4HF81QIHCXeMq1eJeY1-999POIWId8IYWYHx8K1-8WK5AHOb82aGXC24HCGWG42465P8mN8KK3O3Oa6YHCYY2HAW61vAd9-8X999g1-em245kGcXAHCHeYGKY4KKHCIaI43OWGWH9C39CMWHA1_aWGaI1UXA78MY1uXl8bAm5-9S1999f9OXeH98Hen99e1OWH9uHeGH99eGW1PeWGX8
Puzzle 40x40 #5,40,40,WH84YYGA9nG64qu6AAY2ZK8XKafa6EWOuIpI9eGCW_4tW-K8a5A5AA2K31p5AHXZ8a19Ka5OW1W2eXo3XAa94W2qY42IAX9AA4OOHmAAI5Y-9C8KYaBLCm1fe4CAI6q2KzeHC5QE3HHO18OY8YW1YI5324AaHC9AC979CYGAS244IXmY6X4pKGlf9I3W586795d1em6KEeIOAIeIa1-AY9HG9OeAW523CIadI3mI4HOYCW6A54545AQZ8OI8OX6OG5a883KA953AGa25V8WX5O535CIKK1WHaH2ACKA8-WH-eK93aa1KCKt2Y8lY9I38GXI6QCG-228iC6K3981G51E3e6WyIaaW5OWH3GGfcIC1w18I1dAGJKGb9XeeAA5GKCe6eK12O4CYl86e3O6WI4Ka-GYaaKAiGKA1-15G-ICY1Kg-A4e4GT85iXeaWkW1GK1XI35emKI8GGH421RHAH825-9KW98AYKOm5-WX125e984H5AXmmS5KK82KmIAAG21K7WIR56355GWK-K3KG-YZGXB595K1-aHK9OGaL89PYYOA83na46218e99A4N8AD6193434P8YmIAA7KA9OC85KKaIKazAWm9Ya9GKGAmOm1GYANb93KeX94Y5aG_6CH49m2W1_eKOan9q6XC9P9-56A2WKA6YXH65e5HWApWAw2m2KO98KKHOA5IH8A21i8eH19Km95Am9y82u459CAYaA5QgA8YKe33G-WWOAOA88z2W9HOOeHGfL3GaA15XnW6aAf9A2aI2I1CC6HHMXHGUH6KmaaY216CoHXQW395Ia1Y5ISKeEKhtG9a5a1-WKK999QI98aO9HOeIXZ896949IC4H9G889OeW98H91S1XKWAeneI5MaA4eeKAKA2qX39A35WmHmaC45I6I53W5AYAM2883G7e841O8z1H5KXHIm5aDX3Be5111W2xOa35152-1eIMItaVG5WHa4IZ5nGeIAeXA6HlGtO89WS9MaAI2488m2I21l1CZAIWIAA4aAIHKW95KC9OHHl852SKezW-HHA2GAK9KWD36KYP8-G58aOm2WXAWSIW5CH98HY2HWat1XCm5OYI6KeO82eGWHeYlYo1TOY2XKAWeCGHG-1meI53YA9I1HAma4WN_aCA3G351K7GmHCQ994IGI8aMa2eH9bWKu8WAPg1EKaA823mXOAmAG1lH4-WgAeI598OSOHX2ma-2832AK2o6LBeWt2HLe8GeH2I6e1K3TH492d5Aa4YawKAWAIOKXIHW9m61OPWa55a9q1-Wy1AYIGOCKA823KY918IW6Y8QGYSOQ656HC9i8H8aeX6GaACXI2zA5AO8zTWY542N2a43X5HYCAK2Ha6a9I6aX9Aaf2a2YHI12YemOezA4I5P259AGAcO9O8SDWOmHB5ACD8-eIuqKI49K4OI-4Ae5KmXI6XK4e1144IYaY273AaG4aeA4A1-Ga3584eeAbe1HKI5qA-aa-112PO9a3HH8aGl1W2HXCCGeAYY54K9IKXtWoWW4WG4-e8eC3I5X4ZGH25lAYeI-1i8YvaW1iA1GeIIPIG2HaaQ9aWHaA2vInG8mQWW443,1A425A459E1C1DE3A5A47A2659D9C78679F99A1C1_1_1-e4aHe5eYGKm1veKKmn8a2aYIYmGWG45ObC3eIaGWGcY24a5CIY5863eXA59e5-9OGK59BgXCWcK2m59CcGHzeYXAJu3eHO42m58YWG59eX82KIY6aKX9Sa3eWHEW24I3OK3O1Fe1Vf99O2Y2679Ap8KmmY7ea6H9AaI1-AKIY4I3eH8YG6399UImmI4HOY386KYGYWK5Du1OaGm3Om2KI246HeIHCYGI25x826HOYmHCIYYW259e25CHA1-8H-eH9CIa2HCKt8K1_H99O42X9OJO1-824oXC5OaG2WK1EXAm1UaaaGY6WK642cJ9C1T8WI4pAGcY2b9CKY5eK2K3emYY24mGXet8mK3OX8a259-8KIaKKo2YY1-8Y1-9O58KL-A258WN8YM3Aa2r8WGY2maXAHOKIWG4KWG1jAYYWGH-9AWI2KYHOm5-8624KKa24K5e3O6Ze5A4W5OIHA2WG5S2IsHC3eYGWH-eXe1-eZ86MYIKY1-9e59O4IL8abAKmK2XEI1O24WH99AWN8KcmGIm1OWM1e39e5u5ea6m2YHeII59zA439AIaGYWHC3O245eNB9O5e6a2YYI1VO3A4Im4W1zAHCIn9DO6X9P9-e3eGG5e6Ym5OKKHeGKp8Hh86W5Oa4K5e6YH9A4YG1P85e2aHOa5eX9F84Z8H9CHeIY5fgYW5eHO61-8G3A6Y21z82aY63AYGcLC2a585On86IHf9A2aIWI23OmKKMXA4pAmHOIIYGWXCoY3f839eII45AInAHEHTV8aaYI1-8KH999QII4a6IHO59O78Ima2II6GYIWWGaXAGIWKa1E43AGKKZeaHP9e45eHAKY4JOmI5OH86Y39O4KaX9em2KKYYMW2438Ze242m1z8K5Am59CYIJO6beY24241_X9OKWK1-8H9P9x9V8Y4Ya4IZAZ8KIHem5CH_1zCWI1Eab9eI24246GaG1z8mZAIGIHe4I59eY2aHeX9CHet8Y27AH_1-eKY24Y59AGJO6K5i1-858Im6243e1EaGKmKIWHeGY4It8m66HCKamYY6WGY24KYHxAM1km58XAY2K61A1-8mH9emHeaa1AKmI21T_a6HCGmKWKZ86HOqaI4IWI19B985Aab85u24HPgWneIY22XCXCHCYG1le1-8LAH9AI4XEmY6W39-826G5A1POLPe1l8YLAWG5eGa6K25OrAWI1yHAIWH9wHe4H9CY39AWI3OW3P8a5Aaaq1-8d8HAIW66KK246HAa24a1OK1Q4HS3Q3eXAmab8YGaK66GIYmma1zeHAm1xh85e24r8a43OKK5CKYW59OaaamI6IH9f8a25AI44KKXC5ze2aYMWYaYW5QX9CWZf86mHPA5Cc1-AInfea2aYW39-8KYHAm6IXCK2Y24G2aH9A1uXeIWGIHA4Y1-8I6KWGYK5PeGHea5QH-99-824M399CHA4I1x8GWK6mm25AKYY2599AXl8MWG2WG1-eGHCX9Am1S2K25leK59-8oGHv981PeGWH99P98WH99f998H9e1v9uWGXf8WG1O
Puzzle 40x40 #6,40,40,GDIBW3ImWI9vI3H48AKY9UA4mbIOKX3I67a98ADua48H9CFaa9K2AO9I74_41GaH6KOAWYvC5Y9I5aGA5G_58GW8K2GA4KHHCHI6Y969meKII511HOK62a4Ic54w4KKL6Y-88EOa9E8AW8OIf5WM9AYYm5PKAKKG8a8-GeY8V6GY9KH5aYYI-19Hmk28Y632YpeXAAK7JmG94aaG44Y9MIIHez8GaH4IHAtW9HHH4GXa3Ca6W3XAT4YY3COXam1OAW8WWKAe41H89CiIooH1APOaXKYl29Ia69C584AaWBK2Na2K-G96eW1CH1Y62433OXmWGIaa89ZOE9xGACY1qHa9H1S3K_WWYa9ZT2X5K424Mai584KYGI12lgGNK27WWeAN22e-4x11rKaKKG-WSAH4h4-8AI4VYG2OaKAl8HImH2IH4W42HW2JJHAXIGv4weH9f8T2GeHHP58KV8945-1eAO11GKH48OeHX9581m4925GY1-Y29P3141anK1GaIH5-GgxEWaGeKK4AeI5G79H24195HeIf8e2A4mKH86KWe2W2WT2uHCIoG1aEC58eLH2pWK6eO299CYY8eYH9GHIkUGaAY1I4-8HH5GY_WI42_5A92zu8X7L6I6LOhG8K63C52yHAeeICWeVW4Oam41vWHW5GvK2CG9e4AHIwHemYeA3CCmKCo9GmHI3Yn8Wt1ImeaHA4-2a8W14AH9K4YWIIA9AKKO1mXYB45GG2KlWymY4eYW4IxT8AxHK9Z1-1eQG3ImJmaYCeXH7448a44WV154YmWeX5W2Y3984168YG2OCIOeKY5eKcCaYW76H2KW-1GKeAYt8KX8yIaHXUaYO571tE62SWKXmXA75D1YYoK4W458G3AO9a88Ym6GKDH211He5K9HaYae1KJAC9YCt8eaOLKO8N1rKHHBKY96m4t432XA24eenKmGeK8g5OOGIe4GG2e8U25A89Ge2aWhH7964-Q1Y1KUeIe9CHaH8-L1-k4W4-Ga4-4IGM8GKSKX1KXoIA98Hmu91Y4c9W4W98A3eA4m5K14-K525BAXI5IWAOKKI3YIC5efIH6KOaACe25cH5W8Y81a1C622m1Ie43WD8AezGG3O6C935vKG-WYYX5Ka2_ISG5KtH2V4-5CIAIW1W5Q4QeW1WWYG9Amme134Tm2ICe18Y4K4WIH2Co9yG358AWM-KeK6YeIAO39125XAO5K4-8IWZOm4_KKAKKO1YCW8EKGAr2YABKrIWIeG96JGPXaY6HY2AeCYWe18d9KKW8mI8XG5CA-12ICHU4A29HGdaa1988KcKVY5O93e-HaC9HeIe41G-Ye58a4a25B98AHe4-4Ym8eWH6HYT2OYXHaY1HFH82C1-e8cmA18-YXXK5G2aICI6a242GGe959R684e5g4GHeS1H1HG495L28LA2H9CHG95KW-YemWWXiaYCEKH5Xu8-aX5YQG4tHWIQQ4WAKXY31e358GmmWGmeG4e69WG2I65822K8t2B851xI9ZmemaeK1_5mKap5OK11K428mm81-rW41eCZHIX8JI1eb92KHYi9G25D9d52y9dIJc951YI9v8A8,1D9B839C199F9C5825A59FA23B9C5C39C79985DEa24H9Od999eGYX99u1x8WGIHOKXeW5UXeH99eaWKY1zA42WG58258HA5C59O59CI3e599eWG5C5C4a4aJe2r8K5g65-81Emaa78Y4W6IJe1B9A5eXebeYYY42I1-8YY1_mWH9eHeaYH9-8aHON84HCm45Fe3AKHuJOWI4IIWG259B99e5V8WIY19eHl8a5eYWG6Im39C1O3Ar8KK66m39O23eWG42KHA24YGaXB9PBeGHBOa3AKt8aaamI6K42KI1Be2r98H-8IXA4G3AG5C4GXC3OmWGaaa19umZ9z8HCK2q599eG7O5x82KIaZh86YK241iabA425AGa21lg1wY1E41eHh8G5-8t8GNeIKY1-8ZeY1w1-8Ka1VeGG6IHet859CK2aYGWG1eG4qJeHCI1U1TeKac1kG25eHPAWHl8aW5-8K5C242YY41O5e6IYGW6WaWKWK1-A19BO2WGa7eWGaaY5-8LVu2a1eKKG5eIY4Z9e2WGI5AH9Q4YWK43eY2mYGYWG42r87eX9i24InCK1ALA1y2K3Am2IaXAK4KHAI2H9kp8aHA4a1-8HeY25x8IW1zAKI1Vu26ngX9CLON8WK3OXA1ve5eH9C2Kt8G6I6W1y2KWK1yK1O2aY1eH9kK5CK5AXC63e6oaG3eImHEW1_2a3ea5A1-8I244WKYaYWY4IaYIHeKm23O5P8YG2WH_1UXe2KYG2Ith8YtAH9u1-8KJ8X9CJOa5C5O5S4WGaG21z8K2KmGHCKWGK398WGX8K24XCIXeYY5eYc39e27OY2Y1-845eY5l8HC1F99e3v9e6HE1Vu61uGHC6mHEHQGYHiY24GYWG3e6aI425O61eJeGWGYHA59eaH9eG5Q5Oa5Ot8H9CLem1w1w5eHBAH9C61V8m43e245AZAm4YY1gHC38aY4424K1y25AGI4YWIWNAZ9O1-f8KGKdAIH9OYIY1-g1-h8W1-8I1-8I4MWGHS5CWHCb9eaGHO798K1QIWGGaGHC5eG6HeG1-eH85iYX9AaW5CY59CYI3e5QI5CY39eXA4YJA58WK24aW3O24m2aY4m1f8KHV8W3OmX9OHFA1-8KKm5Aa1_a78K5zA1_1-A39Aa4WG5Q1DA24WGKWIYXCY2m1kmWIXeW2KWKWGIK2mb9F8XAGY1P-A5e3AKIY3OI4WHC5O5A1-8a1E6m1Ve5eK5O2K6WGnA4Kr8KHPAr98aY2a3QWMX9emHAWKY3e4Y41yaHA24maW6W5C5-82a6Hv8KGaK1F998IW2KJetAYX9CH-Aa6aHeaYWG1-eHA4a2aW5iI45AK1-8HCWKGK3e5kGmYm59e4HFAWG61-e2q3eW1-e6m5eG4aa6a6IWWG24Ka59jCWGK5gGWK5u2K1AWGaHg41gY4YamYGI5A1-eYX8WXB9eXEHAYXE1-9CK5f81zA4Iqq24HAm5OWHCK2466G23eG4HOaGWGaXe244Y1x8o4Y1x99SXA39eY1_YmH9UHCY44Y424XC41-h8G2K3uH9O1f98HP98HeHP98WHf9ve1v9v9ff9eGH99v8H8
Puzzle 40x40 #7,40,40,4A1vapI4Oaae1FIIb2GpiY1XKA9eAK88Y9MI985YA6191aCIm1W9G9G89W2H9m1vC48l1s8-4CI69A6OueSWH1l625-8AAguCezeOYe525CKHH889WHYP8YCMCYAXW8a9IG1GNOeKH89I6ILaC9XHiI29D19aA3GH8AYAIee56brIOWHK4Ia8CYO8KIO3m282m94D9acHA89aCG294WWmaee-GXHXKX4V18WAGwVn4eKYAW58pi35f3zI-21m6aH1G325YM1YKh-4Y94aAP1A4wHI4aG5XIW242z532XHoA7354GIGI1eYW9OAa5Y3eHA3WtoGmOW285GCOmX355IUW-W9XY6IiCKCX169cY65GmYHi1_3J6a6KIIHEZWGIT2W8nAGLaGan5Ia1ZCH4Oa17WKCHkY5Iv98YD1W9WcA5IP8I4GmaXm4A5KXQ69IAYCAGWK8WeIAa28zIYGx29HtGVK198Ae1m6Hm98qWX5YamabRG62r51G25C88aa2WAGFLW-eGYAaAAo5YK8HKG84aHKHG5D1-18dYCvG3_2892WzW5HOGXo4M84NC99z4eXOK31a2K5K41GYWYWmeeAGIY69cYGWCm8Y9OemOMKH52a5D2A11xH5XHGYKYA35K1EIWHtaA_9HI9K5aI14-1f5GI1W8YHeenue3OeOiII9COW488WDXe1Ko5IeGYCWf4-H8QU98Y31AI66mXC9IIecq8cK2FeIH22IeI4CwG4HHr4A8a9Yaa99TMXWmCm3AKAbK9CmHmG2-HKo69_G144-AYCIe1O4GWaWeHYX45M2631mHmlWWWmCYA2WAQ1W8OL935X9niI_X8XHt5OK3KeIXK1m689H6aeKHmaZeC3W512a13CWOKPK42IK3H5Y6SmfmV2I92vOH99AGIe9G-1rGp2Ya39H2XXXH9CIK19HI1HOWWKeGNpaGE5IHGQY3Y8OOFW95a_885eYHmW5Y2XK8192AW84oOK8KCKmAYAAGTGO1G1aI6Y588KmVW1DG-8D118IIWQbIOW1A6Ae64eAWYJgKHCW1kN829WF42A4W-rYX6HG26mYrSH55H4-4CeWaHKKY8TAYvGI4_2EA418lWHV3A8YZ192-4e98H3KC62H9I5CA65Ya588IWDKWrGqOOYHqnO2G9OUAe3691AK8Ee9ep8eHK8WIWOOWHK2e1WhWea156A14XaaAu2OaKm9QWHHeXI-WI2aYlWAK-849YYYebCCAYd988yH99a9W122K31I4-2b88IK81856Ca6AmHKlG4Y2lKmmY3e5qI-L55IX9Am6351AXW-8CAGI4I8G68a1YWaY2qF21AGGI89bGCK6aIKe1eWWWF1lAe2n5XY6BAe2MKWG-2542915C9YEGX98fCK51I18KHMKK3392GA53W19a14rk-1MXOKAaYeMG957m9OmT6KKea6YWNYaAGt5XCC5G2W1B4C68OLA1-K9L8CIe1I41aCau2AG9K696H5xGm9995Y5q6YG1GaGA6YHXCG-9aEK58dM4_3K62a81CC397Y3ebe83HXh8Y995AHW4Q91AAK31eWOIPM9I32OGHQe88Hb6Ke1,1A1F9F98399A1F99B81FBA43A59A5A4259B9985A5OWIWI39O24IWI24I2WKIm1Um41x8s1-86I39e3OZA78K1VO45-8HALu6HVe6HAYGY3AKYGWIWKHP85OMmHe6WGaaaG41w3eKYGaI6IL9OIm5P98Ic199e38YG5AYI5eYXBh9CGKY4Ia4mKm259OXC224mI1D99QHe2IIm24I4GGX9e5-8mY3e61_224Y1TzE2He5A4K1FBOHQ3x9-82639eWG62KHiGYHT-8KaWaHP8Y1wYaGI45OIGWG1_HO265iHu3e24IWaGYY4a659AK6KKY61_b83O242YG66mmXA59U1-8IXA6IoXem64maqYmKWm5AM1_6JOamH99AnEWGaN8G1uKGL98anAaa1S3e1Ca1uGYmKNe59F98KcG2aWJA59i2a24X9CmW5eK6cX99A5OYWGY2WH9eaG1z9AGt8a5_1zA4a25e1CXemI1D8m5AI39PR861hA2W25OWGaaWGY4pg1-A4Y59AKbA5e2KKG24IYHAGHQ1-81FeXF83x8GIWGt8KY62mb8o41wX99x8HO6HC2IWHAYG2WK4KG3AHAWIYmIJe24m64H9C5O3BeKY4IHD8KG1VeYXA2KHAHCKK1EIG5x9et9Aaa5AIIW1-8Je2a24WHAK5SnA3OYXiaIIXCG4WG4qXe4KMH9eG5O2q1-A1DyaW5CGH9OXCXCIIa5fD8cY1FeaYG19Aa46r8WKHkWY4aa59999kbCGmXCXAYHPeIXCHC41-eYo39l8WG1-eYX9A1CWGWa25AY62HP866GXAXl8WG3OKKWG5D8WG6L9CKX9Eb9_6GmHVA3emK59OYG664IYX9AYY39EYm6WY42aGXCWmHBAWGIHCYY5C7Ocmt8II1FOKIIYGIYI1-8r8d859CIH83OXAImaYGaKaG5OGWKY1TUI1SKIYGc5CYGXCd8I59V84KHe5OWYY4XA42a2KWWGMXe2HOYmYK5eWN8m2WGaa65e225Ot82q1-8q244aI1DP9CG2KXe5CWHA4HDgYYm21Tw4WI4p8WKW1-he3OY24XC5w7eY5A1-8XAGIHAHe1w5Ap8I1l87eGG1V8HzCYW5SWI1-8KaG5CK3O2H99Am5OHAIYGWI1DAWN8cXCHec7OWGaXFeYXCI4HA1EKa5F8KKK24IW3OWKYGY41kGYI1AXAWG6Ia5u26IYmacWHeYX9-8I4I5l8K5-8WIKHAHBO3eHya21yKIIaaG424K6WI1-8oWGaYWG25OX9CHCK5V8WY1VeXCKmY5f9-gYH9OaK3O3e4HC1-83e2aWaWG64IWK4aY1Dy24YGGI19iW6HCIa5e2YG41U1zAY27em5ObeY1PeW1-8K22I4Y6aKZ8ma1DOKYWIW2KKoHAXCa24K5C24aIW1TT-8omXAH9e5i2a5S39O3wXAHAIXe2reaY1ze3O6YWWG1P83O23gY1-eaL86IH8I4GI39u2Y4IY39OYHV83999AHAJOKGWGa4Y3eHO61-99SHA1Uo1VOHC2IWG3O39EHCKMY23AXkGH99eHeG1f98HeHOWH8X9PP99O1OWHfeWGHPOHeG
Puzzle 40x40 #8,40,40,mMIv41CBIK46Y9ee9v444X14WUIY5aHA32Am1J54594eH1ya3XIm42ZGI8e-YY-8K84VO1uY3C35H1VCOWeamC9W3KKG3ya956H8a84KHKGWa5K8OY6HHI2AnY3Yb3HWo9J55aX21z18-226e3KYaWAammHb1EWHHI34uG25Y8mWAGIYm511K8SeuHd43kXH9H9CGY4kI6YIX1leHeteOy199KBOC2HmamaWY819ApaHb6eZ8nWGI2h8J4a2KaaWICKmmmf6aXHXAOI3IWaW82IeQCFKXY4Oe53emK-4LXIaK6W6OmHAmD59KHe-aKGK1YA55Bae14amYeWWeOA9Oa2eyKOG9eGYM1Y88OAaIO1-8KIKWhGaO59GY1Ka51l489W_C2Y25maCY9e8K1IG4mK1A-WveY99K4t5CY94845a4daSaKeJ9aJ79mia925iWG8ea99AG4CAY6HfG-5698eKW-G8e9H22KbmH2IWA2mX4q6GHN8OaJAmI4GQmOK2eGAHe3AKM1I9IrWa4xOKYK8-HHe6a85GY18eKAY4AYAX5eWA4AKHY_4Y5T1W4Gi149GAAe3LOt148A1-8256eQ4xKFSI12eV14WkwY92e1CJI98He2Zad8eH9-12I1WK21Ima3G24X4ZXGKZG-9Z1Hgdm38A8GOKe1426m2aL1AW94489eAPXCaW2Ga8I181K5c2N555H9zW5Gt6CK3N69v5VmK4CHAaaKK2NGe9dXq4-H4HIGKKI78eeS922CYW1m5a3XGWO562kIG8CCXGG9CaKY2af15X5GX51L9KYe6ez1OyAAeIHbmKC9AaK439e3KAH2H4LcYK-1O3OKT81IH63V1193nKHAanWWA3EY94-WU2895p84KIKX21KY1B5G8GzOKOXACK1-eeS9aW2YaQI8G59a6WeF9A2nXOa2A1kAK4ICeYe8aI5OWY59amu5286IaY18G4YKYO3mOD141a4Ga2YdeACaj5AeH4eY-4H4Ode32lW1OaCYOe8oaOr5MYW81aG4W8-GHZ25BW3eKIWCAH42ezIAW82I8Wg16H5akWlA1UWWmY9YmAHSWr25m2-2a2GKzW-h56z11XCWK88_AJKHAX3mWAX4W-WIm9K9mXGzGI12GH38n6IYz8WG8m9aAeiCeeYa4AYYAK4eGC8KYe5HY22IBK8WG4YHa19WY3AOYX8LbI59Y-8a49eo4I8CXeteH2e72l1Yv13He2e3K2yCW2O121K1-G1AInm5KYeAaA5Ga9A6IYcmCYWkYeH9ezII9AAD855Y2SWYAGbI4-8ev2aKKmem354YO3X938GCHl1Y22-89m853Y3n1G9821mA25GV8H2aHH5OXCm6Ym1mImA43H2-I5We82K8-kG1HP2w1AMGCaYeY9YIHIKIIEA9OAG8HJGxkHY94gqf19WreKOOGeOeWK8oaGCm2aeC9AWW6YW811qY3G3OACCG1iHyGH1-8H8HaaqCHGG9OUeHHefW8a4d9HKCaH62p63HHHq8YC_8XYXm2JCXKaHY9uXA8-eWYOA1mHGeH1Gce2C3IHeIX5YWpAH9anW9QIWHA42OIJIH6aQI9W,3B9F843B9A4659A59F8246241F9A59A5C25C1DA4KIWKY1UI6mam24n8aG5-eH-8YG1zC1uY6mXAY1zCX8Ka3OaGmHe43v99e3eWI4WHAH8Wa5A2mK3AKIWY7eXAMXA1B9fAH9C41V81-846K65ea4KIXCKo1S2KYI61uG2HAG64K2aY3eG4YGZenep8XkXAIYa6GY1wImH9C1VAHete6p8II5i3O4K39CI4YG4IHyaHBO5S1S24a1kGJ8aGYII4ImY3OXfCIXAm5Oa6IWa24GaYc3ve3eG6He65OH-8LCII5CW3O6KY3feIHe5-9e4KWKHA5P9eG2am5AWGYXAIma25UYm2IH85P8YWG3eaa61-859A2r8a6H98K2KIY1_WGI1VO4Y45CI3AIY4YWIWGXA2H-8deH99e1_5OKaG42KaGd9uaY5QIIJuI3P998KMWGWH999A2Wm5eXAc1-e6aG5e1-8GKIH82KM3A2aWK2661DC2KN8X9DAmIWGcm3e1AWK5e6HAoWIIIr8a1_mHeY1-eK5Ca4K4K4WHAHA4HeY3eK2K2HAKKt8Y5kG244MWGaWYYYXgXl842K1-825OKc1_HFuaWG5_WG2rheI4Y43QII2KYGZ9v8YH9-8WaGWK2WIX9CWWG62nCG5u1-9SGKLy3O2K246HAWG4XC2aL8K4a242aKKbCX98WGa2aWW2HAq2reHAH9l8Y1zCXAXkX9y5_XeWXA599AY1w459U6q1-A1AI1eH9SWY5SaG2XeWG659Cm246HO1wa2Wmm6WGI6IHA19f85OYWXA2L9A5em5l86peK59Ao6K39eI58mIHCK5A4Y4LDAH-86m65kWGaHOXl82ImnAK59u245OZea1-8p8Wa5UWGYIYmWG5e1BAWG1VO5CmY3A1-e5EIa2WH9QaWWH99OGHF9e1E3OI1AWNeY19OKHeGaaKm4K599OZA24399A4WG25eHO3O3QWG4I24a45FeYX9jeY5A2KH-8K23vA61z8239O5OH8b9OrebeWG4I4W21-8HSW5iGXAKI4mHe24HV9e242a41g4XA59k1zA1UWG6YaY3A5u2r85C1-8aG25_1-hA3x82m6WKW1VeJAYHOXCGKm21-8aX9eIXC1_WIWGGHOG7OaHl82WG6IIHAbCY5AIWHe5A58KW6WHAHA5A24aMY2WG4HAaGIG5OYXAm2LP9Aa5-8a2aHB8I4m6H_YYGHS1l85v86KY2HCK1y624mWWGY1-82H9u3eHeKKI5e2aIY39eq3OK1kY5eaHx999A5QWHAK1E4HA1ia1-85v8IKK3e3OYWKm6X9CG1C5x8K21-8am25OYXEWGa244mY2K1V8K2a5eHCXC6Xe6GX9OYGXA1-9AGYG4Y1-h84Ko1kGYoW39e5eaH9eI599EH9CKWG5Q1VhAKaGLff8IWNAK3O4HCY4Y1B98m38aHCaY42XAGWGGqY6W63A3OWGoKd8Y1-8K4H99DOY4Wa6pAHAHD82a1yIYHOIHC1FOXeK5QWKXl83AXC2q6XeIKH9SXA1-AW5OK1CKW5eG1fe1OX9eH9OHe1veH99u19f98HeGGX9f9eX9f998
Puzzle 40x40 #9,40,40,4882S9aW5d2GQDIa9BWm9C5IH89fAA9c1YAYG1A2xIz9eCI51eIw3IXKHee5AY2WeaY3OHeXY1-11lIX58GO3XKH6m614mXA2K5OXX5t1H2aee8AO18YHaGaaea85eAAW3fK8gY939m8lA5Z6KBaIea25H9K38k42J6253YCHKGKKY1-19Y6826a8Gm5aACl8bW6bAGxXAZH84H58-546HI4GX512iKGV3H52I4946OXHnW5CAAe9-fG94WaCOXHDe4U8G1495Y7X9C2-H1AI83L9CI1G2YHB8u9XC8HKa5G-aI-WCG3AYAH4UYyHXCHm39B58XeOHnIOLaHWHqYK2441GYK41oGG22a14AIKa9G-41YXa25G9YCgHaZIliGA-GG-4C5-14eHIXC5Iu29IXC992-2GA6cXD682WHGaNW9HQH45e6C319uYW9KO99mK4apae4YA8E956CK2WaHY221Xa9AI-2m1AK9AH92GaWOWCATOaH5e33D3AA9WY-WC9SIGW4Le3YaYK1-WKQ1wO42eKA1AaLOKWL1_4e9K4539iWXO9gYOemKaWG19GKaeXKK54G85W128A2C5V4IYeMIGUGG56525-aHWgXeaDAIml839U5XAeMKGWC68XemAGG-Y1m9q24E238KX2Ee6eeGC846I3K4-W9aIAK4KA1aG_4e3C5Iae91W38aGPcYH_4GKIC1HI8-eKGeOWt15A9K6o3WnoHG-YLImJ6HeaKtW8WYe5G42UWBIW59m4HIGA844O5WIWXY2emIEGW94-52CeLHIK215aG2a1-2IK8-I9OYZ9m6KYm2Y5W1aI13g6U4mIaPW-KaOY8HOPKeb4Wa1AH6neem8lWIDHe4AH8OXx12585Y8aYKCYeXmaCxHAa2XAmX8eOmXAW-4Y5a8aGt25K5aDOWe82aaWe15356a5mYF49a152AI1VOI6GA1a2V8WJY5GhA2K339O935CA4WHHWK-2a3O137YQH5WH118aA5V1E5HYYIO85eO4T-4b184e2XWKaCY2e2Q4_9-132X24zT2W-8WDe31911Y46K1dOWY258XIn5WWa21AMeWW223A14-A6a-Weav4SKCKYjZWxW8W56a2V81wXG-AG6IOHGG2HK41iW54YH8G14qY4HxiA2C9YICfAAWYCHm54HbH5C19A3HRCYNG-YW23aAA15CYIXIfeX68Cea2P-WG66SHI3538W4a2a5IKC9KIKEI9X2YY98zC3288KHKmX8e426YI-Inme9IC3mSeA4I9Y4YY1mK16alI5e6O9eHz2AKO815HcH1OXae1qH93PYK9GXOWm3XH25Ae54C4q9H2p9CHYYEa91XxGaCA89OG-W5OAH5i8aO9mYHE5OCHYW4WKWHAYQ9GW9GwWQY8aKI636oIHGHOAmaaeGcaIqI9v2GYXKC5H6C4T24LW93OeMOCOI-W8962-9aEHKC18YHa2r4HHfG-4CeWeMamW1I46KGMA8W8269aGCl4P4X4585IC321ACXWz82CWXO612HOOW-G2KOI93WYK-1Y1IuYXeIH8MWGKdHeSHDIFJ2CG2HI9IYOHHDY822iBm,242479985F81DD999B839C59A19DA59D85A58258t9_aK39eWH9kX9C5AHAKYY24H9e6m5e3e1-81z9CYGWmXCK5C66WG6Xe4HAm3OHx858aHe45O4WHAa2aI598YYYYWmJAWLAa39O1VA5SXAb99ea4Y59Am1w42q645OHOHA4KHe1-8I5CWGma24m59AXl8o43PA1_mYne245A1-e43AaG4mY41Be1zCY58IWI4m3O5SWK3AK59-f8IWGa3Om5fA1y24G2aY5u39O1-A4KaW3gIma4WG5AM2Z9O6W5AIY1-99-8m1CHA5eGpedA3OK3OabA4XAmHSI3gIY2HQHeG4WG25e24o424GaGGKaKaa1-84HCa2KGIHOLAI79lB85-81-8m5-8W5AaXCYaZ8aIXCaa1-84HCc3QmGWGKWaN8aHDeWHAXCm2anAGa5OaaXAWId9eWKKG79AXCYWGa5e241CIa59-838Hea5ea24I2mG65kX9eK5OXDO5ea25-8X9ua4WGLA3ea5e1-8HQ1kmWG5AYW59g3e1g1_WH9A4YX9B8XCILeXA3eI24GaG59e6KHe24GK24GWK1C5x8I5AMa1y245OK2H-9e1g3Aaq59Ct8X9vA6Y5iY4G6m4mKXAW1-e2X9QWG786GKmWZAXeK4624mImY1-8aIa5e4HAWI1V85O3eIaKa246GI2bfeKt84H9OWKa1-e58Y61V8HeIY3BO1ube1-eL9Oq3AYaHl8245eY2WGd8oIWH9C2KIGK24W3AWIW3AW5OIn8WI1-e46KLAaK42KI44a1-8IY1-99OHEI3OHe62HA42IaGXgmd8maao1-ea6YG5OMYHB82aGKK67eHO1x8Iq5A4HeG6Xl82KWHeWIHe3eHO6I3xAYaWmK6625O6mY1-85AaGaGt85A59Q38K24aIGKGKm5CaYmHv8aI2KWKa1_6a64YGa1z81QHe2re4KXCa6aXe6K225e4H-8aXCWmneqKY4Y424I5At8Ze5eYam25em1T-8b8WGY4X859CY4Y2q1z9-8m2mG1Vh81-82q5C2aWGY43A1y62Y4Y4mInAW2aG25PA4WGG3eG1-eX9-859y1SKXeHRu1_242HCI1z81w61-A239O58WG5AWGb8Y2YY2424JAWH_MY1Oa59CqKYGHOHCY25Be5O4a5CHROHw1-AGG6aKYGK3ea6acY3O23Aa1P-8GXCZeaXA6G24IWIH9emaKa5SaamWKKI1VOm24WK5AXCGY42mH9-9S6H99CXCZeYWaa58YY1OYG39x9eY3Oa5At8K5CWGYYJA2XCaK4JeaXBAKI43O1O3O58KHeY2mGcaY1F9OKKHSaa4Xl8IXA4Im1-8K65AKb8a39CKHEYm6HeG4WY4YYYcaG4I1w4JAWIYam6mb9e2KXe6aIKWJ99f99v8GKmKXAY3O2r8GL8Im3eMXC39-84am1-99S5A6425Aa1k4KHQ1-83e25P9OWGa1OYGbe24WG6aa4mt8o4m4YGYa66GWK3O1_24626XC24KXC1-81emaa6WK5-8Y2InemH9e1P8WHveHuHf9vf8X8WH999eXeHfeWG1PPO
