Puzzle 20x20 #1,20,20,21a9aioWAi11QyW4YYGuH84G2YAbCAIKa1W-AYY2Ca-4TeIaIW9aQUWa2IKEAk1b4A2XII9C54924C9GeG26mEmeI6Ga2aeOV1OnaZaK91C6X9-8JX1AHee5GX42lWHK87WW1tGaKd4IcY4wGYGbeYqWIWD271mO2YW92SCXHXWGXAWQYWKaN1915Ia93YGr3ImWHmS6eOY822nCHCHamS6YXa8ILCP9-225Ac5OY4m5CYS156k14I1I4PGa5E1_42HYIHWK55-8I81A5452p12K1-1aY721fW-c1eXHaewLW89a3GK55hWm95eHH618W1aaGW91Y88GYH9CmYHYcYO9yHH6gYIHmpG12P8Ae2t5OeOKKCE1H25I-WOcK58H8HIPC2Gdaa9KYIAG,21999BB85B81DF825A1EK2424KKbCH9eaG1-AHeGX9-8reaaa199fF8aGI5E5kGb8YWX999CYGa24maGYWGXC7O59C2a2IY3x8XEI79eaGXCX9-8JOGKK5eK2mG1l85e1EWG1V8aYd8aJA1kGY1BeHD8aGc1uGXC2KGaG7O6HCW2XAWJA1Aar8a1eIaIXA1TCI6GHCnCY3e424nCHCKaXEmHCa2aLOb9-8W5ecY3eG3eXAn8Y3h8WI2a1iGIHE1V84HAIKG5AH-8a24KYGYGd84K1-8a5SWGc1-f8HCKaHhgWGaaX85eHkG39eYY5CGG24aa24a1AWG4K59OmY5AqYX9yY5CLAaYXF824o4KY1VAXAmYY3u2KWH9-8mcHeGH8H9POG1v999eH9eG,67.45
Puzzle 20x20 #2,20,20,1n9C1E79IAOIOnaYAIaYfYYGAXeAm25meaGNO5Om194JWlG1l5H558AAa9II917H8A618ebCOw4K1II2X_4O9G92EAXKI4I3aaOi2ea9fY4e8K5XgaMD2298m5P13Y-1fHH6H4WKmId1HG6AK22GG6YI2-G2a1HO6He3WP9x29p8H559OLUDe6HIaOI4XC4ICC8aWGaeuaIB5OHYHXY35H5ZaIeAh1X38eACC2A6kGea3AeA858a4GKAexe9AAW3Ke4lAK1_G-1IG2_W514HOIW44HY9Wa98f4WGIW-Ha26CbIeO52YeIwWI1H4J4225Wtm6Yte1ICamaue21V4NJ2Ke4GYu922C5e41H9GK1H8YO28Y1y4WvGw4xC5A3Km9IF96XIPe88BK4XIm,279C1E799A39C79A599AqKY4YmHA6GKXeI1w3A3OWa2q1V81_He5A2HAIIIIa4nAWHCWG5i3ON8KGIIGXl86I4a1EYXAIWIX99OMWKaIqY4YGK5OL9PD82aG3eb8m5-8JeY3e24Y39v8KW65eWG4G6KI1-8GI25CXAYm1B9l8ap8KYH9CLyc5OH99OaGXCGa3O2aWWaKZ99BA3e5AXAXAHAn99eYN83OGHe3O4HCN8H9C5AKWK4I425AHlAaYH83eY1_YY1_1-8IWGt8K24HCIWG2KKaGaI1Q2WGa1-Aa1O6oaY3e4HAIN8a2YGq24WK1_3OHlA2ImIX9SKW1_1kcGHAWGHSI4G3eY42YIWKWK45O24Y1y21U1w1VOKYXeX99v9OX9PeG1PeGX9O,71.93
Puzzle 20x20 #3,20,20,GXK9Io1Wf37AOBG11naEEeOI1eAa35AaII1-HGGWWAHfIIH6en354KHeKIa7g2HKH3Be2K3OaC441OeeC5Oe44e6YC39Am34k9CKKq8-4qO3eHXXAo8FW28YGWHa2WI921WYD5amaV5XG-Hn856O2zKY42Y4G2KC88aaKbC81964Yx2Az1mKgH3aWA8-K82a894eIHaYA6GIYA9W59rh-2I1H5aOQ9OHHOwHW8244W-YCKH4Y8UGV41YaL5GdG44uGCeeWb2eOqG-W5KK9MeKy4HYOe4KAG948EWGAamGk1YfG9OIm1AeWq1mK441YKY2m6o86z24l4938-4iC8V95344K4ne2Om5Y1IXYT4A83Y-85KYXHaX5H3IOG1AnX4KIay1YW3uGHafaI4,1C599B81DC7A3B82479EZe398HAaXeKIII1-eGWG2HAJ99Am5EXAGKHeH99EL8KHA3PeWK3Oa38243eKXAXA4GK3AXCIY3O2r9OY5Q1-8c3OHe3OKM1y242KW2KaGWII424HfeIX9xAm1-e785Om1_5A24H84GHC2WIaKbC24am2Hx85l86YLAmaWY1-e22I4IWYIYIKY6Ga5AIWH9TT-8I4KKImqIXe5ONA2WWWG1-eXAK4Y1U1l8WKILA1F8WG78mYKWMWHCc1-8KYH9BeHF8KY6YG5eWIWGZ8G59O1kGYqGIX9C4HA4J8XA42WHAKW63P8Xl84t8I61-8M61_aHO24YGZeG6mHeGamHkGY265-8HAK3eI65AX9CWGHumWH99v8H8mn8H9f998,72.53
Puzzle 20x20 #4,20,20,OI9K721an3aSWWKIId885H36eO4II4IHLx4258Y451maga9VG99H8O5iYKOhK1OC34E8W-4KAmA2CeXH7Il6I2YaH81EaI2KYJ6KI24GH-G1YmKKAm9eaA6KW53MHW4Xz41AIYOeAWIXMH4GL4mCH42X2Pag2961He62F8K6Q2-AG428FAIc9mHg2U38AWY5hik4eA342mXC9XYaGYbXW44oKHWWLp5aK2ma52HKa-2B8kV2Y4GO3AL1da8IGGKG12CAaGgIE528YE63AxrH2mOX25aXIaHb9eG9281WtK99AAFG5GWe4pAtW5Y121AX7Ka8HY9-41A885WYdWLKKCW164212Om6Yt12IH41HeYKTg28eFmYHe348e-4E8mWWMvAGHaQAWfIMA51,399A7819E39E22599F84K5CmK62aIGaKLx84YGY4YWX9gaIt8IaYW6KbAK3wK266m1uG1-8HemY2m5OKZ9_mI259AWG7998KHfCYIWG4H-82K3eK5Ca59e6K2HCbAWG3x8GYaYXe58amMYW2L83OK24m1P9g4a64YHO1y25Oc1-A2224peaqI65g1y6WKWKHTPw4HeX82mm6IXeIW5i6W24o5A24LFeIK1CIYWYH9-8o1Tz8YWG6m5g1UI4I2WK4GWXAI1gIZAGWHu3OHlhA463O2H9OIIHB9A2I4WGGteIIK5F8KG2K1UHz85AWG2HOZeaGY59-8WKW2Y4HF8LAKX82m4WG2XC6Hx8WIY4GY5A5Tg245UXeK5O42H-8n8mW1PveWH9fe1f9PeH8,108.61
Puzzle 20x20 #5,20,20,8A26W6Im5e6IIXYI9bYC5dA6HC9HGdIXeWW21ImYS1YIqWHCO92CGeXpw14HeaG14mHe6aaH8t19Aa6K5AfOlKPAuBIKaIG1KGKYKXea8WI6188eO7az8Ia5u9K8ea8Y6H9aWee831x7LIHY58-4Ai69aHKYWGIW2H93YYH1SA5A3IY18O9xSHOeMaC19HXHmOep4p184SIGe2Xr4WIHIeCOA526Y2-8_4A5fH9G2848KaH24CK2qG98hCH9Hz4hee6KA5YGKBWaGYg6AHoHKY_2A1OW816Za4AlG5I98Ie4zW4-YKaG2AGGeGHSJ8Y68HXaGY3YTHz43AAI4G45ZAXapIS8l188bWAC8-2H89YK248a4G69HeSOmI5J4U8HII9oaICGaQAC6Xe8,1A46439C5A399C599BA65vem5OaY1UI6YW244ImKZ859f8Y3OaGmGHCph8GYKa4246KKX99A1l8IH9CKYYc3xeoY7B9AIaG2K2YYKmKIG4ImGG4Km79z8IIKZ9e4Ka2K3Aaa1eKW61VuL9eYY1-8KoX99e5eGWI4W59CKKYGZAHA39e2439_ZAXeb9O4IHCHO65y1UWG1SI4Y43h8Ga59emXAYG6Y1-8t8KHDea42424KIYG1OYGcGa1k3ea5x8re5OK5AKWHi2aGHgXAHi5e5l8Y4m24W6n985V8Kaa4aYGt81-AYI24YWGYWYZf8HCWHCaGHOHw5V86HAIG24Y7eX9F9E1_WGWM2HO1-8KWI5AWGWIWG39eHS66aKc1v8H999P99O19femmXeG,75.95
Puzzle 20x20 #6,20,20,2W5iae2naHCaI9Qn4HOXxe3e6AXeHEeI3H2W35581eaC17aAYGGpe1AYHZeQKC5AKe32tW2T45WCa1AZOm4XG3K88I24YVGImKY25XKbHa-W4KL2I1Z6XYA87YIQYG5GMfAW9CKeacKf1WX5HAC25AY-W4KKWm65GMGI42CI6X311eeHA95eB9ZOVaAH9GiAB2q5e35GCO5Ym4XJH21HUG9GeO5baA4Y4bn25-w42OaQ6eOW23IOX96HYW48GdaOeYHa9KCY9K3mm154Y2AXY8m3CY6Je2T1IG-G5mWaA-495O223HO8kAYanaJXW1YSHWX8pAYIWmaA8I2eA9Aqz55am4I99OYXHCPy8385YGXH398Y63e8f9634IIAHII5X2Faaoaa9Y4ae8Pm,245B9A279A3999DE25C6te6K6KmK5SH9CYWGmYYGWKamWn9eYW1Fe2HA5EHQYXA5A5C1V8WN8K2maG5S3O2m4mY4WI2WHl8IXAYWK6Hi59-84KL8aG7O6KK4ZeIcY1eGbfe2a3eKaqYcG4mKHA6W5A5-8GYYW6mK1i2a24mIXCmWG5AKKaHeb9u6t9AKa1BAb8qYY3A4XC5emG6qY24Kp8a2HOKoaY1A1in8H-h8GX9Q3e6GW6I3Oa65AWGG1F9CKHeIaHOKaYm3O258YGYXA43OXA3fe1T8I1-85O2I5-8I5OG23e61TeKa79QmWG5SY461UKYIW6aYWI2K59ecteKam4IIam5O5Ood86WKYGXe6a2Km3e1f9CmGaIYH99em1v99P999e19e1PO,109.06
Puzzle 20x20 #7,20,20,G7I4GK9BW8yWSIIa9Y6mjIH9-a8QIHHe9W5I5mmHG9XGGW5eea9IXH-a4HO93OYBOa2HaIX58823IGZmG9535aPe1KAW-G5Kf26eNOHa6VWeAA8KWC6f8zI2W5YHCG2ef-1896Y2Ie498G18OaH24295uG525KWn4-aayeeYGFgmC8IGlCOY4NKG6K1F2IHw2-2aWa85GG8w88F15OAWG8Y44eGrA21HW4a2II8M4qOaN75m5KvmxeOC9YHaZa49WWH1fa12GOA7IS8LO58zeGY75O9X23I8Y411K4IG2oXgeW39Vmc99G-ammY5X9I4Y6c1822B9OI8XAYKie6MYmHHAWOXKp1H91OIW5A28yYH9-H5H61BmAeaaXIS1AH1YW6K8IeOc98eBIH1,2798259B81F879999A66sI59-98J9eHeI259AmmKWIm2WG5AH999CH-98K6a3O5PCa4H99CY4WG6aWnC2IY3eabA1AY1-85eq26YNOKIXl8HAKGYGXCc1_IGWHe5OWG5D-84I6YWIYGI24W239eWWGa5uGK2KK1S1-99UK5A1FgXC2a1_XCYWNAWmY1UWIHk1-8aGa2K2WGN81UWHCKWGWKW2Y1wK2WK4WI4aa1B8c39TS5OY5UXlA6maY59SaGIWWY2qaGWGmKZ9u1gXA1VA4HSYX9C26a4K424H8IWGo3gK2X9_mcaa1-9C6HA6IIGY3Q2WGWoa6aGXeHAoHOMHOKHA46mYp85986IG5eG1Fe59-eK5OGbC5eIIX9EWHe1eGXe19eXf98HP9eG,79.02
Puzzle 20x20 #8,20,20,WH13O8J958M5G58eHWieH-ACAYK4YaCe6CtWeKmAeWHHGabHMW2xHa8aKKO1H47IXKa45H42aY3KAPYX3eYWAqqqGmaKYaaK3C45CCBXY42YK5z18oCmX3ZCmC8HKCH-26C841ea81I9AAAA3HWHK3I2-KXCMe1ZXB28HeCA1g8a4eKAHK4IAG-A1QWAy88ADXK1YGX32I1Y55I518z3AW5Q8-HIKM9Go4CY8aOKI6CK22V2OaIIHMem8-eOCOKK2Ga2o148a85m82KYC461r-8WH5-1Hie9c454e2xATG8eK1H6WG915H9KYr42G6IZe4Y6a-KYnG5-WW84HDX9KCgYWWIK6XWWmIem94lW892HfOr1e9WWbO29AW1P7aKWom8mIU9ImC9Pm5Y4,1A4661D9A1BA1A25A1BA5-emHe58H9OK3Ot8K5OKYWHA19i5B81lAIWIYY6WK1EI3ea4HAWGIHCKKoHCXAYGKJff86I5AIaYXCGY3OMXAG25eHx8Go3OXC7O3OWK5O5-866G24KI2WaIK5eY3eWKYmI1-e3OMY1SXi24KHCY2L8IWHAHeKGaY1-e1f8Hy24HDCK4Y4XC2IWHA59AW1zCYWYc1-AaHP98o46K2aXAI6mKWGt83999AoYm1-A3OmHe22aGM242IGK6WGKHC261T-84YH-8HPeaJ8Y2Y1_HkWGYKWHC24a2HAIKHkGWG39SY1AX9-e5S2H-8WG25DOaHCLAWGaY3OWG39Ama1l82aW5Q3h8KI41BO4IY2WMn9e1POGX9v99OX9POHeG,110.15
Puzzle 20x20 #9,20,20,8D1A9JIO182HGHfe6OHmY4949G9Gf4-51666YIOAWV98lW_2kH8GaX9494H1ACmmO89XCI45Cx2QAyIXO3IeOam5e2AHH4G5214JIGaA65eW-1WuS8H64vHK8ISYeWAKHW6YY955t8KHAYGGQC53W9OZKI6aGJXXKIHa-G8xAlGI8e9aKha9cI11I2G2W8JG11CH8GKKAeXE2YLaA8a4lIT8KWHHA3qCAmPKau6WHY2em3a1XGYe5IG4IaaGw8zW9IXD9HF1k-We3mOGY2AdYa944x28122cKKKYxWWGZInae44995KX4hC8LaO34Y8eXCY9aY5MH12G1eK99YYoau468IeC1W-ee478669YOXYK9X6AeeWIaAaCL52JK9ImX5IZ4b9CY9em99QW,1D859D9C242585DA63A6Y4a2a2a2q1-AWXCmKImK1_a1z8t8rAWGI6a2a2KWYm6XCWIXCI1Amt8q5v9C3OaKX9CKY4HAKWGYW24cIWa5CYY1-81u785O4peK2IZeY4KHeG65eIY5l8KYKKG2qXA62am7AImaGc3OYa59-81_H_2aGKIa5kIIqa4WI2WGWGq2W2mYWGKKYYXE4KL9A2a1V9T8K2YYHOcmYXBAInCWKY4Y3OIG38YHAI4GIIa1k1_2II3QI5U1T-85Om6WKWHUKIIG1_WGWWGc5AYHl82Wn9SIYG199AYm1TOWL9O61e2K3O599AHPAW24W5AaI5AoIZ838I5CG1-AY1u2m6IK3OHAI6mY5AWIIH9CLeGqH99OmH9u1P9OH9eX99f8,79.62
Puzzle 20x20 #10,20,20,WKWWKa5X9XeJ6Yc512eKK-HCd4em5HW9I28qGVXC2Y12A882YmYmYGG-2GAKHC8F5a2-IAGAP6Ge9K66HGK5Oa84WHw5enAXWKOYqe3aY8rIeX9529C_Aa4AZICg9aKmO991Ka8KG6rgTGI2WWIXCZXD52Q53544GK8el2z1YHAYAKYX8YI4CXQXe5481X466A61pWT21a16KXXIaFH5rX52Y2t7M42GHGIW2A358WwhC2a84l8x4Ueaw1K84W821GAGj2ae658XaXK2-9YG-5x2e43CaM99IbW5KK3AW4m2YmIYO6GG6C9IaYXI9IU835emX2Ol5e38Z9KAeC2I9XC9H5K4O9gIHOCmCg1e8IY4OG-81e2C6AAe98OKKZmIae83q9P2YQa85eY6,1A4459A39C5DC5DA425A5-eXF8HOYYWaaW2q1_3OWYG2YG425OKXe21-8WKK5O1UKa1-9e45BOWH9eXCY45ema2WG5he5S5C45CYqY39e1T9e6IYWaXlea4KZ9OL99e66aIGKa2YGXhgN8a242amm7OcY1QK3AGGWKW5x8t85eHeKHAm2KI4XCc6HeGW262XC5O1y2r82aWmHC399yKHkXA2Y1zEo424Y4I2WY3eG1TTOWaG2t8t8pAIN8KG24WW24Y4sGaHCKGmIXA1-9A1-At8YGXCab999P8HeHCKWGmGHCaYXC2463999eX999F83eY3OW3xeHO479A5A6WII3OI5AKG39gaHCm6mL8K2IK4m1-84K2m3e5eIW6YHuX99eGXf9P8Hf98HeHO,111.05
Puzzle 20x20 #11,20,20,CBa4ADCAaIIcYGieAU2XHA69a8I6II5mHOHXe1Y8Y8mYIC98H8OAeenaYI4az4O6531t2D9H3CX53x1YGHYN28eK8O5C2A3a5H4e3A4aAI6t11KIY496O5Oe6X25SW8HK6w5WVmmPYefL6aGW-W2aI1AaGa4G23e29mmK9KaHCWAOax2A-8A93AY6IAHAC2kCGbH1H6O5W5AIe5m4mK1AX8eIXX9weAXV1YXMCYWMIIKmK4G44UaKGUHX94l8amA3avYAI9eGG45GY6a68eOKKGGKeKG_GGDK9476mMI4W-W6O9Xae11uJHGEKGAIK566Ye6WEKh816eXW4NW8HAeK9I55W-2H3CY2-49aA35e161911G2_1OO58fm59AU25q9P9IAG8Pa6G5aDG,3B985DC5999DA1BA5F86KHCaaWa399e6HCKmYGYGY4Xea6a2K26YHeZ9AI4It86Xem1z8qIK63O5Ot8KWHeN81AY4XAmWHOa5eGY3AWI59Ot82H9A4aXC5CK3OG5u24YHCNA1_XCbeYcLCa21-8GaaGKaGaW24mKWaXCKaH9eX8YX9l85-8Ya3eYX9A5A61TCWMYWK3OY4HAI5Am2mKWY6WKIXCIrA5Ot8K6MXA4oIa5OY4GW1v9eGdemI1z8ImY39vA599A4WG58KX9CG5OHA4GY5A1z81fAa1EXCb981-8m6IX9A24nDeGZe259eHC3eHO1EHw4W65CG2r845eK599eK1-8YmXA1-8aa5CYY438a2WG1V83OYGcXeaHv8Hf9P99eG1P9OWH9f8,79.85
Puzzle 20x20 #12,20,20,2JK8PG8yiI511fI5HK4YqWbmee9We59HAOGv1e6A8H3658-8AGeAYe_2amKI1IW368KPOACAWGK9X5F82-4KMCG8YmOaBbI34aa9eKHGXh19XaCOe4QLC_8H1F2tOeAKXm8amAY1W829a4AKC985CG_19GzWYaAW1GWH8K3qWWaHA1aW98arKVafYWJTgOeZgHG-2eAA51WI5IAC2AGaa9aaGc85t149e169CYXeCAm3Az1AK9Xeam3YY39I4XIH194aa3aJGKAYA8-WaWd6c3H4Co83XaK4GAW2WxH1YCYoeAO965_4WH3I548eHC6eGIXeYK6C1N4A9aI6OCae9C2oeeI4-IX67G9uH3C6C5Y45G5C2935C5HWAX2e2JIav41aaia9I999eOQ2,1DA1B81FB9A21D9A5A1Ac1PCHAaGHAIHe64p8HCKWHCXA1-858KK5et8I3ea2a23OWHi3eXe2WH9OKd81-8HPC4W5O39BP9C4aaIYHA4Xh8a39O6K1fgXl8K1U1_3AHe3O2am5A4GWGaaGYHOI25O1z8a1z859e4W24H85Oq44a5e4a2a19k5x9De1fhgXe7gY1-85eKY4Ga59A6GK2aIIIaGc4Yt8Wa58mIXAm5OKm3et8KYI6Ya63AHCIa2X9AGaGaImIqWKKHe1-8I1FOc6Y43P8m6aY41AWG1VeGYmKoK5Cam5x82K39eG1AKXCKWaXe5e3O2r8H999Cm6aYa61i5AI1-9C678a7em3OXeKWY4HOWIXemHeWHC4K1f99v8199P999999eXf8,111.47
Puzzle 20x20 #13,20,20,GqJCue32eYG1AIaaaAHA9A6A1Xav8l264WGG2V2G2Ge2GA9Je19Xa-9z8a42AtmHpACx4WAaG4YG79x1K43m1IYWWAY69129aeG5kACa5GH19QCK-Wgmq2zG2HY441_1A9oeGWK8AC259WG3FYW9A9HJa15ZYH-2A2lYgCGfLm96a6H8K49G5XHG8KeW4Ae895eaI6AGm9X94t4-GaEaIh4CHO2lWaWe545WY4HK18O4VYKGmJHCIYH3mv4WaGdK4HIH1W4aGOG292nImIAAi8564-w1w42-Gx8g1I8_HWe1GIYJ4ewW5a4XIeC1IHmH2A38C941OO9eO92Ee38IrWKxC4WY385XKK5Aa1vmYCHGG4-Ymr887Z2KGaeoYX2aI5Y9XAI5eaImY764,1DDC7A625A4259999A5AaYXeGmIp8t8m24241z8GW2K2259QKWI39-9z8a245zCHy5Ct84KIWGY2Z9x8YWXCWaYWGYY6I42IIK2KNAX9e2K19QmH-8LOq1x8WKH824t859PAWGY1e62Ka246peGa59AJ98K7eH-8Y1zeLO1fg39OI3eWK4aGKXAW25A4GK58IHAaaXA4X9CI1_1-8aZ99T8mY61_4a4HeGYGY4HAW261_HeGXfe39A5O3v84I1yKWH9A244I4m24I4Z9OaY5B85O1-h8r81-8t8L8a1xAGY2WIHf85kGYIW6a5CGI5OK25O26aWG3OIYmaW7Am2ar85_m245O4HOY5eKI1vCY3eWG1-e3h81En8Y2I5iHO199eH9OH9eH99OHuX8,83.08
Puzzle 20x20 #14,20,20,XaemYOIaECe3MeKqIIH1K3KCKO1aHCYA9m1KA4PZGaeI9IKU1X9GG5mK1Y3cfe39H1HXH3XGfOKimAHWXGHM8aaC1TKAZaQH254a26IA2e3eYWG8am14yA5ZZICWxHCIm8-aleA999mab3HOaWKX5HW82AI51GV4HCO5WKt2GAY8K8OaXLk2L98KJaWIeK1K_1aCAWK11Oe556OaGVCh19Wa926XImmKW3zH816mW-Y939mHmO4UYK81H8SSH124aaGac2H88g2C69aW55AWteIWYAVOG-41KHXXSY8KG19KYWW1WKan5eTWHH-81V45H2W7bI6A3KQ84a2I5WGfe-8K2K4am2eaAS1aY18K28KSGW-4OLGAKaIH-hYI5QaX4554O9c2EW3128uW,39A3A399E3A3BA5D99A2HCHOHO2aHOKKImW5A1PS2a5999Ap86aW2K3e4HCcqY39A2HOYm62q6Hi3eYGX8HP8II61TeHuaJe2K2I439A4KmHe242a6G1vAHSZ9O1xe39C1-9_YH999OaM65CI2KXAYGWGH9A21l8YmmY2Kt84KK1A439OLkGL98KqaGaYY25x8I3eWH8W65eYXCa1VOr8I4II466am3AGXlAWGXC1-AImamKXC1UHAWGK1EZAWGGIa4ac2YG2L8XCaIGK5A1zea4YHVO1-82YY3OZe2KW2aYKWG4WH9SKKN8K5-84t8KY24ZB9CYXecGWaWIYWGcH-8KGY4I6WH9e78IK4WK2WKZ81-8mL85AaI5-hAaHf9O1eH8X9f8n8mWGGn8,111.73
Puzzle 20x20 #15,20,20,8WOBi2G2XaK5eW8pa9a5tIFIAe2pAAO8lAW52Y5A2Y1G568a59BWXGYg1h2MYGo4X5z1HeXKAY6WWV1e4t2fa36GUWAA6eiI9cO5I4G87aAa4IKA6WKe4HH4655zG82r2AGXCaq1AAG586W9m9a-GV9GA9CSaZI88LW653K5442G94me4ee5w4aqW9e996K-4oGaI8qSeKeXeKK88OKGGKMW-8c5EXHKK1Y-GS1AH59G28HA4xAa4-Y84DIeG-8I1MA9G8I44HHe21K3Y4XKKXX4CaatGIu45Ha585KCeAH4IW8Gq8a5v27Op8I2_Gt62z44HI8ICGaGE34cG41KKm8GOy8wGa1591WKIAHnOX4-5e6IAK2465l1eeXJX9A18aAm9UcYeA4C4PA2,243BB84239A5A41F999At9UIHe1UHAm1xAWK25AKWKWGHC2aH9P86GHg1w4oY1B8XAt85A3eK5CG1x8K1V8J9CmGd8KKXeb99DOYaG2GZ9AaGaY5CW5AW5AGXA5V8G1w4Y4mX9f8KY4K2mWI399-8t9859CZ9ua42L86HO5eGWG2a2XAG5eYr8aJ8a599C5-8M4Ia1DSY5e6HeY24XeWGYo1-8cYnCYHA4H-8785AKIWGWKK1lAI1-AWGcIY1-8I1BeaWGIGWKHAWGHOYG6K5OX8399V8a78K59A2KYmY5A4I4WGcWIYd87Op8I1_1zC1x81eI4ImGaG7O1QWGWY5O246p8N8a1eI24H9A5SXC1-eHOaKY446H_25AmcX9eG19eX9vfeHeGm1PeG,83.62
Puzzle 20x20 #16,20,20,C5YGua6WA933PIaXOeWAb35Aa6XV8H1991q9mYXXAII3G5Xe4KXe3I2OYI89am9X6XWe3IXmHV4KncaSGAI1KAZaX8KmC38aGHYeb5GtW9e8GtCLama2d654COiXKGH4xA434Y1G1IyW55AYeXfKG6GWKu1-AI8115u5CO3AYIIU5e88GKKgjG34Wa4GmOKIWYlK8-8545HIxAHu1YXG-2K8188YIYX24MA1V6KeA6OAI9aO56mM8t158a3mXXK9Ke5eK5IWWomAXAC8aqHZYEGe4aeXWwA4m7IAeWKYKI1eJ1xa4K44825CHAe54-2YWY1HHYAkVWJ3iG8e1IWH93CQ8IGY1D5m46Oa5epmeIa22taAKe1X1lDW4NG8n1K9e4WX4peY51Y9HK9G,3A5879C259C3B99C3A1AMm5eIXCt8Y2II1f9OK3OYIa64KXeG5OHOI43Aa4IImamXC1AX9C3At8Knf9S2Ka25e79O2Y3OmGa25AYoY1z8aK21VOL9Ca1vCKG3OMXAWY1VeGX8YW24ad8HeHAHCJeG6245S1-eaG425E5OXCHAaIpeY2WGY5gsWm24a24m6KI4HVA1-8KWK59xe5u2Ym1-8YGGWGYaY38GbA1VO5eK3O5999OY3OM1l8KWIXCXCKa5A5AKKaGWMXA6KX8acYZAn8KWaY61kH8mn9AYWKKKI4Yc1_IWK22425OKYYY1-8KWKWKHe5Tz8q6b8GKGaGYa6XD8aWY1fem26X9e5FOYaIW1l9AHA461_J81kWGn8H9eG1O1veHeGH9eH98,111.98
Puzzle 20x20 #17,20,20,8IUB9CefeAA8uH528AeAnY28A1HOX8AH6G-eYpG1GA1pHAmcaZM9Ie4WPXIAc4HWKeX1HII55174e91n8z4a4Be4I3Xm8Y59Y89591Z64aFY4_e1V15AZX3ACCIexKH28W158eKY353ec132GVW9WdAHGGHCHWeOWI95WG2aHA23xgCOAIF8YyA1HaDD9I5OKGIYAa5WK1Cx8WYaYWoIHCHam6YR4aq22-13HeJWWy5X4mX2m5141wGKYamg18a44S2A5AIn1H2Ae12XIQ-4II6HY33ameXCG-H8F484BYOR5H6Ke6AW825eGHaJ5a5GH6AWIZ2-G4u2IHW4GC9IJC6W9HAAA9HK8HtHW3He53YHkWA9331emtG8z5mKKC3J2OG6aJQIHG2K18aO,19FB9C5DA5A1E5A41A5A7eGGYWY6m4Hem1-A5v8GWK1FAHCqIZB99AWGo39Ac4YGHeX8KII5AG78KI1SWt8I1BA4a3Om2KYIY4IYaG7O4Ipe1VA1x8KHu3OKXCaHlAKG4WGK4He5C5OYcW6WGt8a1FeY44YXe25OWIaK2WGa5eG6tg3O59v85yY4H9ff99emKGIY59A4YW6t8259A1B9e3AIm3AsGaqG1-86HAJ81UHO1OmG3eW21kGYH9OL8WI41E1AK59SWK4HA4W39D-8aI6KYXCa6YXC1-A1UWWGbAmsKYXeHOY4WGHeG59fAIYGY6K19E1-81E19e241OIIqm62aHeHAaHA25xA46KKY3eKr859Cm45Ot8GtemYHOXf8X8X9ff9eG1eG19O,84.38
Puzzle 20x20 #18,20,20,876m4BY1M9v45aa99fdY9XXY3HHmKG9WeaaaAW8HA222X5C3K14eAA6eCHKKL-1gmaI81ka9KvK492S5A49HK51zYtY222AXH4aIG8e2YH16G1w29e2KT6e2W4x4BYAe8G-41QIIWN8QFA1K8I6x5WKG1IYn4T5K3X3aCE6e1KA8_XAc54WIACX5IA3Y1C3KXYWC5HOCXYaO5GYaE3m2y4-A98GYHm5mimXX4I4I21W2t2CC58GK1WOI9me_aIQ2OX1yg-GV45K3I81W1WAK9WTG5WaAG3CmcKzaz1H4I52I566gIASYa22mCGV46GdX4eX2O151aW4m54Wa2CAI9H5KaOG53nKX5-45oXW2Y93Km6Hpe7K1HGAK1O9vuHeIIGGKc8HBMG1F9C88,1E661BA1B9F859999DFAammHCKHCKWIW5999eWGKY242Xe6Xe24He5C5C5AYL-8LCaI42r99edeWa1SKYWIYYY1_5zA42WK3e4aaG2KGKKWmW2r8IY2HkXe424t8be5A41-81QIIWN8cpeGY2a3xAWK24IHSWNeK3O39OnCKGKY1zCHfAWGaK3O59eXAW3OYXA46HAXCXAIXA459S3O1U1-eI4GY5OHCoXCX8I2aGWG1x83OY24Y4GX99CHz99D83O1UL-8t85A6a2W24W5AI1kGYWIYGXCmq5V9z8Y4IKWIK3OL9e7eaWGXC1x8m1FOW5OW61eGa243e24I23eIa5AYI62Y3u5O5-8HPO2GYa6HOmHUHSY2YWHA439UneH998WHf8HPP81v9OWG,112.45
Puzzle 20x20 #19,20,20,mIGAY485OYnKaAYIA86KBCKAVHIOH9V84m24-1A1WAOY219C9KG84APagWH23aX52FX5G9677ImHHI-GCXC5AeKme56LYJWIIGH4caIAeWYH156Y48GW9f614a2Zy15YXH9IYhw59CYg9IK3A6OYAYWA21-2XaOe4Vim2L1IOXB6O444WmIaIG818UA9X3Ia5z2Z9oXC6XG-T4ae4emXmK4IAG5ea19193WA5ua8CCeXaKK1KG-227ae8aOqAV2A4IJuBWAAWWYKI53A42mAYAIW2584_1TK525WHe226WzGBe39X968-5YZW9EfKeG41AIO2o9I4Ae9GzmaG2Aq9m52Ha4Y49LWH4nI-e9YA4KeY9IKK9me6e69G49qYpa4SJGE8OIIaK4oa5WG,3985A445C5E59A59A43AM3e5zeaXeat82m41-8KGWHOYW2a39eWG2Kb9gGY439CK1y6K19C7ua3AH9-83OXe5eYm5AXgHf8II2YGJ99e58KY2HCK224GIJO42I1Ed8Y5OKaa5Tw59OHgIIYmHCm5eYWYW1-839CK1VPO1g4a66M3O2WG1OaaaG244peammII5V879iXCXC1-h8IY1A3OmYGaKW5ea2aGI6GK5SI43OYX9e58Y1-81uIYWa6q5V8K19fEMWHA42KKaYmYWGXA5AaGWK41x8reY4K2HA24m4t8be39Oa61-e5S2InDeYG4W59O1iaIWHea1VOa24Kca3A1ea4K19g2YGZ9-eaKY2KHAaaY59CHOHCIWGacHv98nf8n8X999e1P9eWG,84.90
Puzzle 20x20 #20,20,20,Wp9WHP85YG4EAIy99H8AIeaA2ee4-9eO812G1zGYOXH9CAa34a25XaG_9H1aiY5QICmK8xYCC94HHEy483O8W3aea4mIHGs549CHa91z1Ea351Y59YaW51g2OCeKK2T8H8VaZe9vGbCOIYm9GI8WaGm15WIIW6a8H4aIAaWlW9GKAAIXK44sAiY1t9YeGxJWXX89eVKK8aW243eOIISmaenK2Xe4qCMIam95CaAO11_IaYHXCIOGe9HX9IH65W414WIe3Ial1OOIGCCb2NqVqWHS1IGGAWXOIaXKKHG8AY8aAi8-95HAOoe969952NXOSIU821zWl3IIaH1eU33aa2G82G8G44HG3aa1GYA86XX1xaX8eGU65q393mIZHYSe239aC3aO6YIDaaaG,1F985B85A41E59F99A1AaH9e2He1-9em2WG41V8KXC59CH9CWI45CI1l9eGabe5f9CXA1zeXCIWK5Ed8W6X84X9AIW39e1ReWamKaI1l879OK2K59AI4Y1g4XCHeKWN8Y1_a7AIp8M6ma5Ca4aG4IWmWKGIIWmI4YWaaYa1l8I45e59OK24sHiY1z9eK1xf8XC4a5zeK2a2GW3AX99S39eZeWXAWq3P99OI5Ca5O41V99AHCX9O259AmaaY3e2WG44IY399x83OaW3OM1TDlf8HS2I42K1OX99OYHeWWHA4aKo1-9A5A3BAI399A1wXCZ9UWG1_1VOIIIK45U3OaIWG24WGWG2KGmaaWGKY43O64t9C1A1y3AcX9CX9uHeneGX99OX9OmH9f9998,113.21
Puzzle 20x20 #21,20,20,Wbiaa5O1211G9cA4We6W7CG1mHPGT-K5Km9_AA2KKYaKSYA9eK1CX2Hm12IPH14eT4KHOIHAaA4QsYeAH8z52HYmIYnaGAH9W1-Y5mm5VWK5G5mAeM56HW41e89KGGGaIGlA3AZWeqYQ9a95KXed524GIXaOWY3K8HJI3KXGaH64WYHICH4eh896IG19c6a-9IJa55A6AYH58z9K4Y159WIOe6CXI1-WG82-GG1aAYG_AAKYW9G2aSKWIWVC1854WHIBY_4CKeL8IIuaCf5OYa5W82N865GKeO389I56KXXgYH1eI5IXaaKee4YHee6Y3EIXCXI4fZ14Gt9IiS3ea85YA51W1Gl6WX5X1WAWeAAeAO2zCmeCAX6XIX9enI9mOeKm5AoWeo98KaI6,1BB99A3822419DA245C27OG1CKM1T-A5e6IteY2KYH9AZeYIYYGm6WKmG4IoK24KN8KHOI5eIY1DjAKKY1xeWKY39An98KKaW1-eK3O5l8KK4HC5ebe3AWG4Y2IYWGWaa1le6Y78KJAcIIIHA3edAWGWImIX8KmK2HQI6HOWIHC24HAI3e2YN8ImI419QX9-99QIHAHOYHAK1x9A4H8YI19OK3O6I1-84G1-824IHA1lAHeK2IWGa7AWI1zCG2KWGH9iHV8XeKL8IaZ9Cq5C59e42WN86YW5Am6GaaYXe63gKYGYIKa6IaHeY4HAYHOKXEI3OmaWJu241z99PS3eaGKK5e24G1zCW3A6W4H8Y5eYY61zC6YXA3OmIX9An99OmHeXeHP8HP98H99O,85.36
Puzzle 20x20 #22,20,20,Ca66aBaIy54ee4AeY5ame9GYmWC25ayGHX_WVWv4KGGFI99aK2YKm3eW22e8PKY9W6X3Kz292GZa2Ge25mmCCLIMYI8E5vKa28-gae4Ia1mWDY1CaI1-A1GK4AuYA1VI2WYO56BG1IXArY8I98oKlWac4H1745x825a351eGCHYGtWe1IW2WXgAm41Y21HY5GyW4tPM484AKW-A8kYGe84ezAW2ajaK4w8G1aanIIe811487AO6J2IGweAa5aKamI_KHLeIJ1KkGd2mYIXeHGXOWW385IK982YmKW1bAKYAiK99G7JA-W8ey4EHC35eH633G9aH49GAAKG4KYA5WL6yKY2F1x8nGIUYA5aAO1aG44IWaG31mA5BO4FIK3Ia9BoWKAZIOmW5G2YbC,39C39B99FA25A1A5A59CKa2K6G6WKIp8HCt8t8d8YW1yaIaIY2KHCXeGWGYGM5ea2m3OKt8a247982K4Ym6XCL9PeaGZApeI41-gIYGaa261fA1OII1-AWGK2HSYY1_I24HC5OMWGI3eNe4IIWMHz8ac4YG78HV8WKa6KGYGXAYWt8KWI4WGXgYm24K24KHeGd84tBB824KK1-e1wY258WHleGGIsaY1kG24IIn99AWG241SYm3QWI2rAKI59AI39_5eLAIJ8Kr8p8m59OKKWm64W6GKIYa24HCY42be5AYoYIa1Sq5-8W5v8nAXCKKK3Om4aaYWI4Y5A24HeYYWLCdeY1U1z8n8IpA5AIHCWaWG2IWIW643AKMm1UIYX999PP8Hen9OmWH8WHPO,113.26
Puzzle 20x20 #23,20,20,49q54cPe1XaaanX33214He3eOm19KKFW4XmXH-9neWIEaB6G_2aW272W8AIA5X114aKa1KY9YQH-425GnGYr3Ia1Yvce5e5GTKH8qAGxCA192Oa4AKHWGH-2WI448YZ3nCYSAHm5AOf85-8XH4WWKA4aWqHOa2KGme1aaHVH5HOa-4859GQg5X4HqG8bXe4K2YACA5542mO94l24KeK2AB9I4o8Pi3AOH2WzXI6M4e9aAOK8WAS4An81HC4Xm5342KaXYa5e1KaId52t4Ka2VIa64_W4cK1WI554I92H5e1KHWP51-8zG298XWx9m4WA634e4a294B9-1286AWpgK_k2qOgW9812p8W9damYW48W942Ac6bKaYoImG3Hea9JfaYCI9m3CJ1GaIM4,19DA1DBA23999E6662425e6KXCGIKHF8WmmmH-9SY2an9i61z8aG1E424YIYKm24WaKa2Y59eq5-8GKGZ85w6aaW5Uq5AYYWNAY4Je1_mY4aWma4KKKWGH-82I4WG5uXE3eZeYXA5CcGH-86Y24WKK4I4JAmaWK43eGaIHzAYYX9-8GKa1fgHCW5QW1POK4YG5eXA5AG2XCa1V825eY2Kb998o4MMXe3eG1_39OoW599AmYGWK78K78WHO43OY382H9OYaHeWH99Fe1V8KI1V99C1z81DA42aHAWIa2KYH8YY1Be1-8t84I4m1z9O24K3O4K2aGaGb9-84W3A4pgHlh8q3g2a4WGd84Ip9OK2WGGa4GKqXBAaKb9OG3eH99ff9eX99OmXf8199P8,85.99
Puzzle 20x20 #24,20,20,4uIaImmmbaIH2GWo51u86AAGaA9a8GWLzAOKKHIY181Hn9C99Gx4OGXXHOOorrKK6GIiOaeKaHaYIaOO3O85HX588a6Ie6G45eO9PII39Ievg5S1Yg8zH4COmC8OWLOHe38G_5aWmOKDIWpH68a7OW2I2aAG5I6Gm293GKKaK9l5K935I5A2e52I-YC4224I1K58ZK-1XOYCqGKXahG6Xz8W94923A924na34p6He1BgmA8m48lIIYKH4HAOOA6XAa8qIWGXCIGUIGWKtGI28-HKG56YXe385e-2W4c3Y8GItHHIIaAG3AWAQA25D8IGA1e9Ia6V2K392O9K8Ve95A1WKL2Hz85emA1WW4U1GGD2y3K14Wex5avYe9MIuD2OAY999A84neWH9Y2O,27999C63B99A241BA1E2mHA2aYIIG24LxA6KKYIK244Kn9OII1_W6GmmY3Oorhe5C19POaHeI59AII3OXCGYY3A24a39Am42KHOIb99OIIHvg5S2Hg1zA23OXC238LO5AmW1VAIW3OHQa1UKX8a7O24aGIH8H9CGX8am25eaH9xe59O59AY45e19-AX824Ga25e1EH-8XC5CcGK39w4XCt84aGaGXeaWGZ9O1vCYYGbg3e1C21l99AHA45e3OKXCKI4cIWG66I1ya24Hl8aW1-eK2K3emHOWY5-8WGc3AWGatAH999A4mYG5DeGKJ8a4YGH999Ct85OaW39e1VeaHA425gWHl8Y5CK42WGd824q1y6H8WG5_YadAH9iInf8XeH999eWGneGH9e1O,113.82
Puzzle 20x20 #25,20,20,G8UaI9aImC4iI99a6OueceAa128aHHeY9I2JK3aGOO285I-A3mXm184aWIWaKh8-8W91K59e-1cY97OO6HWWH5GaAe6XI4SHm9aJ5XXKe6Lt6946AGz2aGm3555XfX41I881pmY18l4WKI44aYYGSGVe4Wl94aGGAGxG94CAIH2e66Y1XmYkY8Y-1IGe9ZmA6a6KJ5aS63GWHK5-8a4i69aa8W4K95C2HeW8I8AYAIIY9-48m564l13A3_2e1aaqYWI48IuH24AKG9mmYJIGimF14xA62VHeOa3XaCI9W4Ye96O3IYA9eWAIP8J9X9IX4W5K98G8P4-G9811HPYA5t2WW-WmH54W8-9H5E4e56Y8GIYI9m9IXH8XWmYBW2PdKCQ4AiW69MeA9HO8,21F99999C61B9999C67AJeH9824aYHAH998cYmIG3O4259-e3O3O242aGI4IHk1-8WI2HAI5-8q59u3O3eGWHA2IK5OmaGZe399QK63A5OL_X98XA1V8I43OYYHOq6WWI421FOYG1x8GKI4WaHA1u1VeG1V98I24Y1_2a1CH9AWHC3eG66HwKWH-8a259S6Y6I3eqH9SXC2WHe5-8aWMmIIIW24Ya5O25eWGa4YHAIIH9-8GXe64t83AXl8K2IIJAWI42aneG4KKWIXCHQIGM3v81_5C1leY39OX9CIIWGHAamXCaHAIK259i1QI399OW25ea24Go1-8a24GKM5A5z8W1-86HeGW1-9eYn8KYXA24aKaI399CYG61O5iG1PveXf8HP8X9PeH9eX8,86.09
Puzzle 20x20 #26,20,20,GMI93W6bH47GqYe5mGD6ZC1zAeyIHAYaGt8C9HC325GW8Ka8KYYHWC9K4eYAYYGuH8eYKYXHa84lGa8e66LH5Ie4a7IOXrAWYcgAHGm9H3H2414IX6a1AK2ACOI3IWLG_GG-WYO6ImCHIO5YeaCaHxK1179eWHaCmCHMuCaK342WKI5YKTPAI4G8CmOgWYPd11P14e2558Gz634XaM29W54zKOXIcXYAX6KA6Yaz8YG1a9yGAeH65MC1eH4A8Xc93Ca8Pa459eho88Wf9K3H1A4OAaH6IE5GGK-I6GWta6YKb2Yn1H9AY515Aa52CAYZA91H914-48KKG5LoHIWe45_29W2a37C9aWemPAKYCe85CtWW5eCoK3AK21C7A99c526I99ICO5CYa9o4,1B99C23BA1E1DA5A61DC7O1lAHUIHeKa1z8mIYXCWK4WGKaGK5eY2X9A4KKYYY1EYW5eY5CKI41_Wa4K3OLeKIY19uaXCrAWHfgYKW6a5OK24W2aXCI45AGKXCama1g1_21-8Y6ma3OYaXAY59OaHVeG1uIY2H9OXC5Pu39e6WG259AKKNBAaW243O3gG5Bv84oWWKGKY41_3O1OIb8I4Y1VAXCaq6YHO65Am59x8KWGIad8YYHO5im4He1AGXD9CmaGMI1ea5hB824J9e3e2Y1CYIHCaZAGG5-9O21V9OKYMGYZ8KI5eYG5AIYG3e5SYI2KIW1-84He4KLPAIWYGKt8I4WIXE6aaW5CMHAK3eWHCt84HemoY6YYWG3uH99feGX9999OmHOH99P8,113.85
Puzzle 20x20 #27,20,20,2Oa6ee8WYcIF9JAGIIqAH335O_Kemm419Cem6O3Y8836AOhGeHGHIH959a5AzACO2KYIG536GyI645XHK59aC349ACA1GI8IOCHe982aaeK3IAe-f9GY99YW67GhH4IZHHiWGWeH9abAY2m6a8565Z24Wp1eaHOOYaYmW-WH9412kKa8-4WMMmX4kWAHG-W75HC4eYAG8X3e4a8AHAqG3OeS2p6eY4295-Ha5OK59A58946C6azWc484H1889YoAAAIg2T4mJ84GAwvOXK2Wb64AW2eGbWWx44CA9896ZeAPiYCeG-HeI9HGkWme495752Ic5GI4121HYr2HmAI892a41K-2TLHK3t19Aee31wyKA54WQX492A44-1OK8GAIB62K3KIbYWIH41I3,239C5A445D9F9DA199DAHOXe3xeYXCWGa6HC6XCK24665ON8KY1AaYIYaIYYtemm1eKa2HCm1UIm4HOKYH99C6Wa5OY24aGIXC5eI42aaHeX9AH-f98Kaa583u1wY19E5AMWG25eaabAK43OI4Ym5uG24p8YaY3OYa5O1-8Ka242rAI1-8GMoXC1kGYY1-8nAHOWHAYG1OXAWI4KKYJ83O5E1FOK584I5-ea5OHAIYYGaGXCX9l8qWGWY224IKMHe59g1kGXD824HTy6mYG1i62K2WK1i24t8WXeI4I6ZeKoMY3e1-eH99A1w4mKGa5SYGIJAWI4244K5w4Y3eaWI2IGG5-8rgYY3x8IKY5C1TUHAYWGc6GIGKG1-8mYWWH9PO1emH9Pe19eG19O,86.20
Puzzle 20x20 #28,20,20,8QIe69o22FoiG59aXAY4I2UCc5eC44H5u4AYa2l6e6Y1emKEIIeCa3a2qAWqQY964K42m5AAWxA2WeY2YA3KA2d8HCyG12GxGJ8a56e3t1e56XW4e88I6LmCOUGI4K54B359pYXI6OGa4GA46H7mhWGCa655ee9X6I9OJaO58HHa5IeI4H9KaCG6KmAO1YD5epA4-25O1pHiHjK4OemnH1g82YXOaKCX8A9VaYKHWem9HW58m5I8W5GG18mKC12IG8af1IIYfaP8LYyG5-4LxGqGeeXOm3mIAJ81IK9WXmAqb83eI21-898C19aOa8CHGKn59Yq14G-W5eK3e-2eLeaGeGL954en8mY4G1Kn4YYODc5AK4CI6WK82O51399Ia9qWYI99c9Py9PIG,1D9A39B81FBB8599C5A4a1FOJAHCWGKKZ85ea1zCY6YG5OKZ99eX9Oa1fAWcqKIX8Y4G3A5A1lA42KYGYY6HA4p85Op8GWGt8q4IKmHCt8KY66G258WIXg3OXF8aWKY4omH9vA39O6GIWGY2XAnCN8239OK5eH9O399OJ9OYWHAIH9ea259AI626HC5O45QK5Fe1-85O1yKoHje2Xe6neWL8WKXCaY3OW59V9eHA1e39e2Y4XAIG2Y2WG465O24I24Iq4II5QIM1gYp85-8Lx8q4Y5Om3OmI5QGGaYIW3OYco23AI21-8I4X8II6I4mK2HSKIHQWG1-85AKmH-8YLea4K4L9AWKZ8m58WG5SW5eXffe5AGX9O4Y243eWX99999f8H999f9Pv9P98,114.95
Puzzle 20x20 #29,20,20,WG8aM5X7Gm4A9aIPPB2GlWWHX3mHY5JaW56e8954AATeYA3eamAaO56HW85xgO8CC3CGWI3A8IAax22A1HW8tIaja_8er2mAOe29ZXKeYCWGG4eKA5aYe1MW1AG18Y9Kv3KXH3mOY-WM94-aa6B3aRY1uHW9WWECXA1L2YCGmH46XIKmI891eOaK5y2OX99C51KWoI6GY3ee12NI7278I3I-WqGK5AK-11G28GG797G43I-8EAaW822m4k-245KaiH295XK88xIYYH1Y9AC58I6O728_19meAmmamOamIO5GMmee5GXYYX5K5uC36P3GWYKIHKYEa3a6I556eOeH9YIoCaIYYY8Hn8I4aAe4C638eWmYOeII4ACDYm1omaaI3e9iIHXaHCfGO5I3,2419BA678385999BBB84t845OmmHAHf985CKGIY4YHhe5A659O59CYXe24H_LCGXCmm42a3e4I59x8WKWY21l99j9x8Hh8m5CK2a7OHeK6W24G5AHAaYY4o4WK24WYI5y3e6HCm6H-8oa1-99OoX9ReGZAWIWG7OXAWL85CG3AG66IHCI4aG5Oa5ed83OIamKGY4oa38Y3eY4WN9S1u2a39-8q2KKK5-8WGW224n9SWGX9-8ZeaWG2461T-81e59BAWIKXA41_aHeYG59e3AGI3OZ81z8am5A3Oa639OI6KGM3e5e2XAHOYYHS66mo38WKKa5AHEI39OIYYmHCKKaYabCIaKKK45SGI4aYY4XCmWY2mYXeaaW5CqY6GoX999OH9P9eX9eXf8mH9O,87.72
Puzzle 20x20 #30,20,20,2G5MWCYG1CbG85I9F4A5L-491KY-5HH3YCCAa18K4ae2-KC816eOI5ACK62Tq4X885eac15C2WWaOY5CYK5K8IcO5C9bqahOCAvWHKCaKGaKa6C51KQKZ2wGWXX21MCYv89HKb325IGabI4-5OYeW9OAIIeIY6WAGAmHWISK2IGaYYmKQGQ9XHXH4HaaOYY65t22eRm289X3Pe76A2w6KGAaKI1YIaGfCGY69Y1443i4a1umGZ94I1mH12H4-WG5Q539K1U9F41Z2x4K5HWC8qGeXf8C55m4W8a2_85nA3zeHH15OA6xhGHHG42AAH8WKmOa6X5CGaZ9Pe5-WOOao3CWC3Ki1H1289GGW5X625E9QK51e9Wt8d4HJ-2D7e48CKZ6Qa5KamW2WYe4,225B83A243B84599F85AL-8I4KH-AKKXe63eIW2KWaK1-e6WGmY39eHO5O1wcW6WGYH9D8HO424a3A5OYHeK19Q3e39Bf9wXCKp8HAX9A4IH9O6H85QYZ8N823O24o6HF8aK5i6GKIWIMI1-AmKYGaXeaaKa5O4KWHOYGIZAGa19eYXec2ca3A6K4KIIXA5C5V8WKsm42Immbe7OK1wXeWH9eaGYII1fCWKX9AG243B8a27O1SI4a4XA42K1-8GHfAmIY1yad81u1x8YHA261Q4K3QWXeHC244I1V8HuHCteKH85CY3xh8KYG425eYG4Y66aXCHOGIZ9Pe5-83Oaomm2XC5B8KG42aWG2KXC2K79QYY4Ka1l8p85D-8cneG1OHuXf9eH9OWWWHeG,115.40
Puzzle 20x20 #31,20,20,2bHGvaqIH25G3G8XHBK4AOYKGaCeAYve_9LH1IE2e44m2o1Ae5aa21m4HHI8NWO9L1-4GIaHKHIa92y3KW314IeWA66QImYO91W5LzK-1aHanHaI319IW-amY41WA8m8PaaeA9Y-12Kee4396aae54XH531aW8WnZILXea81u9a6eXIapeOI28_85-WIY6Aa6WWeK9zWG42aWWWIva53612z46WPx1GAgHfA8C5XzGOCOe2AH9A5XWCKg4KYAaYA4IY5HKCAKao4Ko41XX3gmHO83389I4e3H259nAXHO55aa8z9EI3YA63Ge951m1r1XY2m33KG6ama56W-AKGe4UKYI9eKYPGFC8419Mr24Y34JDYXXY4WHMXOYHWaHBWWyGmA9I9546IBav18,1BA1F9D9A1A4641C5BA45OHeGa3AHApet9gY2In8Y41C1i2KHAIIWG6GKKI4r8X9g1-84IIK5eIaa1vCY2624IYGY3Oqa3Ama24YL_H-8IH9SKaa6GIa1-9OYWGWK1O1iaaYYI5-8WHAK1Ca399eYW6KKmWI441SZ9gXAI41EIamY399ve6aG1V8H-8aKm59OG25Aat824WI2WGad9e6641z8mWMt84KLAcYG3emt8XC3AWKYIYYX8mKL8K5eI5e4IHeKHOK59iW5iW26m3g6HC4XC2aa4Y3eW59uHCKmHeaa1_aZ9OHAXC1AaY461h8XAWm3O586IX9Am1-eK4K1U5AIa5eKM1FO4WGabh82Ym1QqY6XeGWKbC3eY4IHP81v8mH999eWX9P9v8G,88.89
Puzzle 20x20 #32,20,20,8vaO2F2XWG88Ua9PHSbAH43IYeAHvIEaWC89CG1Y4I5e69aGGGeYZHc4H4eAA-8Ae5Ia-4aOG9G-41pe81W5e3O4eH3LIQY518N3I2eCYI8G4AGmKCG9G45G2hH1I39F6ePKO3XXA5Xb35Y-1X5a4AA3KmYO9XA2Ym5H42ao4x2_6YCPY4xKeaH9aZaIYWGGY4a5K49GeIOX1Y3aI9AXWkGeO25SoW_1H3YKamD1z8YKeeYW3C1YJ3KA25GHGuItm6DeH6aWHf1IuemH544W83O68eX661mK6KX3CeFaHOADKKgede5W542zWGW1OmCXH5KeaWIk8OXe18HL2fdOQ8mC3mcmYY53Ia1M5WW4EGceIW6aO8xeb59a1a3LKI3WYIq981GmIA6a9iOW,1F9C1F862421F99BA7BAYGX9eHeHv9SaG64ImGGK2I5A399824YY7eq2K1AYH-8KK599-8ImGa1-81UK2WGYYXC1eHCL9fAYG1kmI45OKa242YW65CGI2WK41wY2aX9vCHPemXC6KKXi6KH-83Aa25A3AXema3e4Ym5eG2Io1_1VOK3Be1VeKa599SIIYGWGY4IHAWI4YaXC2Y6III5C2r8K6G5uo1l8KmKKImc1z8YYHe583OWKc3eY2KWKW79VO3fAHCaWHQ4InAXAYGWG1O3O2YXC64m5O5O3OHF9A65QKHgYpAY4Y41V8WG4mm3OY5AKIGIr8m3eG45g1DFOq2m3O6q65AHCaa4MYWG4Z8JAIWmam1VebeaaGI3gH9OGH9f98WGX9eX99POG,116.37
Puzzle 20x20 #33,20,20,4mAEGOIB25aaM9a9I38ZYU6YYA3A9mGA3HI49YHY6e484eIK99Ca1f9M5KmYaWG-KI8-Y4lIYemYe69WX6A8I52W44246mCCGeXaaKuHe3KIcYe5DGIE9eOmWHJK5I9K22X2eqCYIXauoG9W1W15x1WV48Y3aKa26Xma-4caIae6IGY49Z6gaGWI4de6K63KveAX1W144-wc8K21WeG2IYWq4wxHH4256YQUeK-GB3AAAXC5GA5YK8K6CeWa3692HuIYq5385IeAK28eAGQYWeG1YmCKk84leHSaeaC5W2lY65a2IG2GnaAIG_26eK841amIa3L26XCAG2Ya65-2n63W4la5A9AXLaKAXa128eIab2rKXXOXAX8tYaWgHE1n4W4KIeGPH14Gn993,23A7839B8599B9999C1EHUmHAHCKa645O598a5eK3eG24KaYaama1f9BeY6YI21-ea1-e1l9A5CHAmIG3OKWIY2WG4WG6mXC4HCIIY7AHOH9fA5eJ8aZ9e3O2KqKH99A24m25QXAI39SoWa2424Kt81x8G5OIKa43OX9-8qaaI5CI4Y19uXgI44aGdeXAmXApAHC224G1-hf8YG24K24IKGc1TzAYGG5CHDve5-8o3eKYXCK2K5eY1e63eWI3OIW5SaYqY62H9eKK24KH8JeWY4GY6mKN81le5ua59CH81zAmKaWI2WGZ9ea1l83AY4G2aX99OL83O6Y2WH9OH-8nC621l9AKaHOL9A5CaG42YaIMWNAmXC3e61_Ya1gHu1uGWGH9e1PeGWGn99O,89.22
Puzzle 20x20 #34,20,20,WmHaYAIA4AYHYOII3H9eJCX4NeXq94k4HAZC523eK4aWG35WI2-4Im8e9PHoYHWxAXa3Oa492cWCA1e4Y5OH1CHKeI458GeeH2h1J1GNWI4G63J3_9HCX9-25W-rW9GVIb2AeW251YWbH4IWA5IX2O5XmI-wK6Y13UWaGBC5KAAma328G2961HOaHmICGCI3K6eYeWVGWa1IImXOCPAKamJ8I9YG75YJ3e58aGYm34415AH24avWWAHS9CE5I61pgeA6ZA5Yey996B1DG_Y59XKWYaX83aWeX1iK6496W68zIe5qAG1HaYIX51KIAHe24963APA-aACCInIY2-4G5AA6HI42491XO54oWG52nYAWOXHCf664zGeKN2GNA15IaanX4e95KY4YHaaC,1C59A59A45A5A399C59AcXC1w5Cqa2r8KHEXe46KYGa24mYWa1-8a6WH9iYoKY1zA6IXCaGaWJ83e2KGY5OY4mKHea2Y24HAK1w4q24r8a24XCJOt9Am39-8Y1-h8a1x9i2HeG2K4KWMKWIGY59OW6HC39-he3eGXF8I2o3A5eKX9OWGG4I6WK6IHOIm2X9C5C5AY1_G2aWII63O3PAYaXf8IIYGnA5QmKK4I2Km6424KKH819v8GYYZ9OnAam4pgY5C7A5A5UII3B8q1lAKImY4YIm2maGHOGMY6WIm1O1_IHAJe4259eImK4H9A5eG2I3OHi5-9A3OaZ9A1-84KKK3eaWG4IGXCH8MWGY4ZeY1OXA6c3O1l85eN81wH8H999umGH9eHe1eH99O,116.43
Puzzle 20x20 #35,20,20,1qvIIa93361aieOK3oI5IWG1cBKeXYaICYCHaKH4Y424aX1GH1YEEI2mA5GBL-8XaYCy8O26AIK1I2KG4G519SYYgCW5H44B8-1bEgWt1152Y4yX5-aq1YA8eaGAG14a8L6A2AW4OH3caa4-1gkx4A1HXYOHaOeYGOHIG9G1GYdmuH5Y249YSHWWVI95W33HemAaKUeW5A95G48YIIaeO9Q2tW199G8JWmaQC1X4KH94Ax2K4qXA_5AX9CbB63AgG1KbQaV4GgeCAmM2YI4222I44Y22KKCe5e2AAOIIV2-L6e4cHCCWGIIEoK2aI44YKSWW4aa4FnC1a1Az4GO9HeI-2GH35YIYaAG5HIC4K53W5aAmmHeGe6e333WTY7KI18Bfaay42aJKKa51,1DF9999C6619BA3A3B9AaWG1DBeYmH99OHOKIHAGY242a6G2K25E798XAH8ML-8maK6p8mWmH9A4I4YGWWK2aZeKLC25A24o1-8M7g1z8GYWY1vCH-9QWKYGYIGY422I4LCY1eG1OY3QII1-8LT_WY4HC5C59OKK1OKaGaWWG5vCZeYY22aY7eW1l99AW6XAHCKIHvAGYH9AWG1AIaI5Oac1V84II41Q439Qm2m4YYIWHl8K2q65xAHCI3Pi3OKL8WHiqat8GLe6HOb8KaW242a4WYWG5e3eHAW5eX99_1-g6K1fA3O24Ia7BA2aIWGKYn824II1vEmWIGKt8G6aK59-8GHCYH9AIYWHAam4YY6WH9AXCHA4HOHC6m1kHuH981Pf99v819feH9eG,89.45
Puzzle 20x20 #36,20,20,8n4e5H9M9mCIHm2CI9aSceY8y4eOdGeeACK614IK5GIK28_1Y1AXI8K1G-HaA12eY6KW95A5vWAa4I6Cm9zYI9f1nAmtG269DGY84YW9A59m99r82VIUn5HX399v4a859XIe2Ge443CJ9W81W5XSA63KIK5QHW542Nl2-2K1a22mO35W3a9caG99a8e2Q48tWIX9z8AOYYWCACQ2V9D2w19a14a3OWGH2mA2H6AK11YA6IY2GAt93geeIXHAmbeCAO5a_GW4V43XY2YWA445amIKAIOaAGu9OP1-2Hd1W5OSKIYaIH1H1IG57KW-45aG5XeYG4C5SIfH2Y4I5KSnO94NpYmA61m5P1VY6K4WX891KIS1CHXKY2WXKXegeIi1ZYHIGCn9aPIWO5WG,2785A59B9C39A383999EqHe1y25Od8HAHO5O24aKY19AW1x8YG5CI4Y21-eaK24K5CK2IYY5v8KIWIXCX9zeaac1SHOt82X9Q4KW1e2aYYIX99kG1V9FuY5C399v8IGH9CaH8WKWG6mcI2424HC7eXC59e5DeGYG1T_1-8YWI4WXC3eW399QaWIaI2K2q21l8I39V85OY58m5Oq1z9QWN8IIWGa6m24Y2XAW5CKYG4KHCaYG25x9OLAKaXe5Obe3eXAIt8G1l8mXA4Y4Y24H9CIKYI39eG79Co1-8Hy24Y3uKIH99eGY4IWK7e1-8KI4Y6HA243An9QYWK2aHe7umI1Ty5OHC1OHi1_5CYG438IWYa78XA65e2WmY6HgH9P8neH98mn99P98mH8G,116.92
Puzzle 20x20 #37,20,20,1K99m6IaaB46e1FIWG1Wb86Y5CGW2H365K93a-Ae8T495XY4VeAC112eXaGXEpW5A52eXI1H-56YZ9IC29GW5a1_1zGDIHCaaY1aAr1G-W2IG9G91Ke6HaY1e2-WKWeYH6HIW2a45S3gA8em6iWKaMA6tYaO9Y51ZGHH6849X559m45CQ6_1HuO8JI-5Wam8O9vYaYG212e3I4LWmXAfYaGAWeeLLW9Zam23H3AWAC1WCOm1CO6CHCK4CaaK9XKVGBA5q2YWKaP2IHIKYOmKC8HG25pauA41OeC9XGI69e2t68I98etf8aaIat11mYYYeYI6e2emIEXBKm8aKamAL9uXl55895m1YG91y53WXe5184aC96K8aYy4e2Yg26KaaIZXGIpKO9a9Pq28,2599C3999B83A1F98242o43e5O424K3OHeI39-AK1w4IY3e1xe5O244HOaGm7v8KKK25Oa25-e3AZ99CWI4WYa1_1l8qaK6IIH8a5w41-8WIWIWaWYHOH9e4Y1-8YG5AHCKa24I25E3gKWK3Ob8Kabe3xAImaKKGZ8Y5OW2aXe59OGHOcXl8HEm1D9-A4a3839FeIYG42WHCa1gGmXAJAIWH8KHgL8aZ9CG65CKGHO24XC6GXCXCKXAWmaa59C5x8beKc2YW59P8aYa5eXCKX8Y4WHUIZA24XAma62aX9A1_6WIIGHzD8IaaIt846HeKYH9OK4YX9EmbAmGaYI3eL9EXlAH8aKX8K2a1UHO4XAYGWGI6aXA4a5v8YG5g1OH999um19veX999Pf8G,93.03
Puzzle 20x20 #38,20,20,41WHaeG6aIIIY46aU1KeqKp589AoGH965V68ee2eH5Ca6L35XIAt8aG8f1cAA6A3YOA55K42YC5KIe8Y3IA58YfKeXHAAHeV222_535mzeWaOeXK6I2294I45ae611KmOH54K9GHg2tADAH5uY5aII1-AY-1eWA8GCCIY1aI6I8L8I44K8-1eY9XYeY6memYeGIBC8e3Y1zKA4c1Z8m565aKWWWK9W8U2IaAHKHIC6I65v968emY15XK32YOOIX8aKY8d4YKH8281z3axG8-5W-G2A2mL74-1255114GYGG9r4OeAWIHXIA2miOmXYGeOa3YK1oX99W-85H4VA5knH9eA5eXK6a1aXY8YOX249IHmeKHaHVWG8GHKCX52y2YCZIa42e9IFaIYAI6,24259A239999A239F85Aq5vA2IHP859CHVOWKY4KYY39OLO5Ca5l8aG1f8qYHOHCY3eYYYWGY3A59e2K39AY2KJAHOK5AKKt841_K6HOtAGI6YXAmaWGa2aGYaHCWGK6mKK2Ka25g1xAq5e5EYYIaa1-e5-8K2KGWXCaYGIIma1gGaWGY1-85ea6HAHOXA6He19BOWHCY1leK2J878mK659AG24YIWGd8IIYHAYam39O5v9O2K3eG5OHO2Km39O2a5A4p8HAY4241_39V81-e1-82K1CLu1-8WKKWG2WK2WIr8Xe58aHCaY43BOXCK2KX9C5e4bCaa1-8KK1le5w7ea5eYYXe6aGaXAWKXCGWIaY3AKH9et8W24He6XA1v8HOn998WH99v99eH9O,117.08
Puzzle 20x20 #39,20,20,34eIMICGA12PGeIIaiHWaa82IOaHvIOLQW68OCAE2k4-AYO4emIG2eYtGIGg48e1z8gE4t11SX45Ya4GGAaOG8I9849pW9WK1YV2L9GO95C9aKCecW2eEH21C5W2lIa9Y2aaIer8H8x5Az181KH25vXI3W-4a89HnWAWZAA6MY4a9aGeniCbH35mae2eHAaY3WHHaO4KXm1PAYAIA9IG3Y3KeAIAiaK8Q13CHOz4CAYHWGeXO1OmC1x568e9KnWAe-5a4GeAA2Ha3emXI2-2G2e24zYa8sAWHHeGe6WIGD3Ma4aG65KmY3aAuk29e88AK2-eAv16BiWK8K285c9t98AmY2K3K1ml4L5XCK4WGNOaACA3H6Hw82OIe96XG354ioAG3CWe9IX8qe32,3859B9C1A41B85999BA2Ia24IX9Ap9CLf8643OHS1w1-AK38HOaW25et8I1g2GYGt8LE1l84nCWHAI4G2H9OWGaaGWId8a1A2Hz8L9839eX99AmKc24HSY44XA41V999A2IaaHw4Y1_Y5x8WG5A2HUma61-8IWIKZ8K27e5OMYGaaIWK7PCoKXAmIY1eKKaY6GYYIX8KXC1PAKH9eaa4mHCKKH9eb9A2q263eXl83eYY245CX83Om1_HO1eI5S2KH-ea24K5AWH9C5Cma1-8WGY41zea1RA2YYY2Y6WI1DCoa2a46KHOHOIHuN8IYW2KY1-eYp83BB8K4YG4KJ9_IWHCKG5OKGXl8LeXCKWG1TCaY3e6Y65kGW39ea66WXe1PPeGmmWH99O1femG,94.41
Puzzle 20x20 #40,20,20,19d2G3S12doA831A8GMYmA8WI9932MIpe9mz4e6KHHCWxeGmYK4AGOC6HH25I1EYKPn1e9eKAceA41z363qKCm4HV34au4I3C1w4ADW1I552WeOYK45IAe2GH1HH5WGYHnI3a8_a89EHAA4YOqaGYCIY42OXYaAu2ftmXJ59W2I2-144IXC5I419I8f8-KHhGW-ImXHOA8qeoHICGKYG48YaGI9YK91O7XYa5eWAGKfImXD3XY93I2XY61Y1-A8955aI1MHmuYCm5m9A1z1HG3K259mIkaeeIq9O19279L6AfO382S53XaO9-8m21C5n3CfW2GWG91a62GYa3KAQmOe51-eG-46ka9Xm6115C58YIA2a4AGW85X11JC9YcHWaaaBAWB9YmIinOE1,19F81C781FBA461A41BA6YG2aaI6WMIpeI6t85OKYHO1_Y2mHeGKG6mmHe2YI1EYHPS259e5eJA581VO3OcHO6W5_38a78Im61kGKcG4aHeWGKXeK2KaHeG4YWHeY245AZ9Ca1_a19EYHA45Oqa4HOaY4Wm3AaHS1D_XCcYa24a1-824Im3eaWGaaGq1-e5kG1-9O6HCY1DebAa6WHeWG2YI2aIYKa4XEmYI5A1A4HQIm6JOXea6aG6Km4K1-A4IHeII4bem7em6YX9eGt8K1CKGYa39kI5eIJ9C2aGZ9gXAq3OWGnA3OIX9-86G1O5SXCJ8424GI4I6WGYI65ecXCHe1-A1-8mN99Omm4WK3e459eGIWK2WG5C22c6aHfe1999Pe1P9eX9Pumn8,117.15
Puzzle 20x20 #41,20,20,6aaoI5O8nIX2c9vW1eISa2Oa2I5K5mYa89W3AXY2GfAIz4KIA1S6BHE435KDB4K34OHHYA8Ae5Km918e8dY4CK31-IYW-Gm9Y6S583vGwbWGWW91Ge35GGeO4aH78GLa5A6C8e_GAdgYi4G5O968iuIGtG8KK8WY2y49K45e3AWIA4mDGl8IaW-K2KC98HEYI1XHDG72ZK14IC63eK5C3KHHFaIEIG42I51W924IaMO8GXeGCX1x66k59KzgYemIAY8PQ9AIaGO3YaO49I4Ya92uOm4KJKA95a9H5ALICegkPCxGL8eA3OKWC9W5ea44A4I14YA9Ka3IfKmFGF14eW9851Mf89YCHWK58KYeeCoAUHoWKYIOGGG1aXWcCO18X2uOIceKvIFImHqG,399B9A3879C1D9F8459EI46I4IHeKXAa4aGXe6YG2qYIt8H9e1Embe783eHQo4KmG65A5eGY5eHCI24K1yY43em1-9A1-86a5OneW6p8NB8WG4IWGYmY245C2aHSWGL9AY3O25V8HvgYo4W5Ca61PSI1_WG5A4GK1y2aYWYHCY2IYG6c2t8aa1-AG5Oa2HSKIWmKqGZ8ZAWGIXCXAHeXCK5ed99SIG24IY42I24aabCWG6Y43O1_3OrAIHzgYYX9AYGoJ9eIIW3OKa6GII1AII1S3O25QHAIYaaHAKL9OKLkM3x8L8KKmXA2ma25eaWGYGIGW5ea59CIJe3v8d82K2I2Y2bf8a5OH8HAWHAKY6MHUKo45ea62424I38qmmGWm1uX9feHv9v9OHf8,95.62
Puzzle 20x20 #42,20,20,W2n9WKJe453W22o9BGG5g_A9eamYXK1-I55459OYe8461I1SIeAWYmD663e9Y3IbeH5G6F9W9e6C8K-24VNGKm4UeeAmHGIKa5Wa114Cm12mK94H5A6OAeuO8pI63P2x6HH_1a81Hm4I4aO9K3a2OC5WmJ2-2KOA8Gx5C565LHm5YU2H4Ic55229I1L39GaGIa2aK5WYCCWHd5KmWIaImHVGaIa5IGxG42HH1lHIOae1I95CmuAG4Rc5K52HGGOYaXa2IGe89H4I4I4x29OK453A51HEH3CHf33Hma8I5eGkgU9c8Ha98KaCH8-KHIA5H49H5a9AaJKGl4aWB56AACOaIoecA9e5G51i8AwGWa8KIm7XW9e1XCmXH5Q2E9ae2AA9CHI5eBIY2eAW,227985DA25C241B9B81AL_H9ea6KmY1-9AK2H9CKYWG64aWn9AKWHCq3O6YaHCaoY5A46p98aY3OWH-81lh8Km1veKK3e2IH9AWIWGGXC423ea2HAHO3AK7O1F9CXi1VOY5V8I42KmWIWIX9e6aG6mYG6q1-85CK21VA3em5gHCKYp8YGacYKWGII1g6IWa4II4IYYGKXC25UHAmGIaa6Kt8IIIYa1_WG4HA1xeamaH8IIHOXEYG1jDAHAGY4W659OI2aGK4aY2I4I1x8am585OKY2YZe3OKq3O5Oa2a5e1kLUIJ8Kaa4Ka3e1-e59eKYWIKKaaYacY1V8aGbA3eHCmaabAqYIHeGY2b8KN82a1eaXEm2IH863Om5ecGn99e1eH9OH9eHP9e1eH8,117.49
Puzzle 20x20 #43,20,20,OIemIQId8O8SaIY8227GIWIGn52eI79H9A5-e99AGt291WAA8Iae3152W6GJSaYEIYfO9HAKIA81UY3Om64HCHWX666Yy8YqeH1TH6xHaKaIa6u1WYG8cOAG4C6G9e99OGo6CH-GIKKuGKA85C4CaIuIC2WJA8hWuYCaXKC3AYeY812eeWG9MC6CAKB92xXA-e6HOaaX8COYAH5IG8HA4WY5WH125aX1K69a21WeOI91-4N1Y1AmU57HYl8Le9oIY2y4o8OI8WWC6a11HK3K29e42cCGb9-9A2AzGI94A-9YVHY9AWG6LX4IY3AOe43mGAm3IuX1a3eW-GGtY8eua2IIOW53AI14438WAKF1Z2AqKKmIa51x1aaEI22eHq458m3WGMAYfGOeIIf2,39A39D9F838799A241E2I4IGZAWH9SaH9AH-AaIK1z8I4GK58aa5C4KWGm4qZ9An9ec6aYYYaY21FeXC3O2K3AWmm3OKp8KJeK1kK3xAIH999OZ8GY4Gc3eGW3OGIH99C1BO65-8aKHE4K58HC4X99SamWGcY1kGZeX9CYXC5AYY241eKGWIM66XAHia1VOH-A3e399OWmmHAHea4WHAWGKK2K2459C2K6aa242HCaa1-8r8Y4Y6pene5x8Leab9eGd8o4mIG24XCIW4YY3A2aH82q61P9-9e4Hl8IIGH-9AteH9AWG3g6WI5OHCYG3OWK639S38ImK1-81lAG5SaWIIX8HCKa2WG6WGHed8Z85QHA6aaY1V8aI798WKHf8H8mmW1PeHf8mH99f8,96.04
Puzzle 20x20 #44,20,20,WZaeK6G2GI9I9cK8nII6QIG3Ie-22GG42CBa5HX2Y4-19IGaAtY_AAY68G5YAIG1I5nO1CGEWmC2NH2YYOK3994KI7GYaIY4-Wdg9GzO9EACK3A86IO5eO4H63G1mK41e4W_G9X93A125aaaAHKa8-528eYe1UI3X9536O37m58OI99G5YaLe4EmKAK5H1aXa2Xfa4iC8KO59IPe94i6aeABA4WIaA9HA3KW9AKme8OXe-WAOOfaWKvK3aII6_8KKKWHAHAO51GHGKeqeW21ueX8OX4YKfaXKlGC3WnYIOmeH42CYM188mH5EI6mIKe7Y8-5O2Ax2Y6UGA1eA3K9Y2YZ86YAXH8eOOAOGHe2YWt5K3Y3aYeY96AHIIXKKY835ZW89F4E16e8vAY3,279A5C2419999DA4799CqI4ma5-82424W6oaHAX8Y1-8aaWI5_5_5eKm24HAKaGWa5EmWmWn8XC2rA4KYXA6aaWH9E4599e1-8pgI1_ma7A3emY439CYHCGK3OWGXeGGK24t8IX9OY4WH999A5Aa1-eG4K5A1v9C39A66m3u3eG6aaa2K59gK1umHAHAH8amaW6qa1BOW5C599PAI1i6a5eoY24IaYa5A3AGIYYmY43OH-8KXCqa4HUHCIII3x8HAYGYYYYXAWGY2KHQKG41SHCG3OGHAJ9CHz86m4ZAa6XAK246KMW4W3eKZ9OmaK5SY1-emWHl85Od8H85eXeaKWK783eKXAWK66Y385e4Y1leK6KX9AKYamKKIa6YHeGXen819v8n8Xe1veHO,117.76
Puzzle 20x20 #45,20,20,8E1JCKcOmeAG6aHWAQanHHYaIGOA62e5XS6c4HKAW5GY548OAoeAKa1WOIGYuH3W-4KI94xGOKI5lGMH8Gmo2I26aH3GYN8841AXreaWH-49Y6af313gIe92O3m8914a8Y4KK4a3Ae4fY82-GZ5Gz6l8WF8OO5921_GIWHAaAGI1o9SWTOHKuIeOYIGcX2IYXO8855a78AYK6IA53K1YPHACIAWaLeC6H5IAGWl2K2C3WIE2K1A9CeW6mdK8IZAHz8L6o16IIIIC2YXe49699W3X2V352HIC4-W5z29e4Y9MI9menHmae984A2OaYIlGG922HO1G1OmI6IYWDK19ZIx5KHI-GKCmG8-W8am22A8Ym92aW56C8UWA8GO9E9aaICna93KaAecIy9aX,1E1DC5DC65A239A25D9EYHeaaWXem4KHO7OqW5eK2K1eY41C5iY5AaGW6a2YnA61-8Yaa1x8m59et8MK24mMWI4ma5CG5h82WGYmrAaG5-8aYX9fCG6L9AI4XCm2aWGa2K25e2am5AGqY41-87e1_3x84p8XCKa41z8aGYH9eGIGb9S1kXeYZ9e3AI1DC4IY6X8WK59S2HA5OIHeXe2KoHA6aY2aLAm3AH9A24t8K4mm4In8Y4H9OH83OpeGaZA5l8LCo439999O2K3e4ImaIWXC1zCK259C1-8Hl8IY2H9iaaXAnAX9eI2WK1OIH9l8Wa24K6G243OIX9A4JAWIZ9_YYH9-8K3O21-8GI6G2KWHOI2aGY3O1UWK24mIn9999On99OH9eHf9v99O,96.49
Puzzle 20x20 #46,20,20,3aIfmG83IeW4Da3G8C47W3Ha4weHWeYa495VKaHWmaOa1T461v591r9OXWKBY136i1WCKm98WnH3HZKYAZG98AV2p66HzA4iHeYeHIXV4YG9G8Y22aHe5WI8X6YGaXYaCA8l1XmWYAC993f4DC9XHW1HaIEA9A3AnG9HA49afmlAo4eee4X6oOL4lKc4e6Ge12AYOhI68a1aWI4a2I64tKISCe45Y-GN1eH7XmI5mG2CM26O51A8K52Kx9K9Hg5mGAqXeaWmPOHG13mH8OCK94YXeKHXA1FKKem395YeAK59AHI5O194-G2S2-G2EHCOWaCeqIWAWWWAI1WvIA2fqIH4Ya55IxAaa8PGWaK8AXY2-26H1249AeOCc8Yf58K55aXm9IIZ6IA8ABam,399DC2439A21D9C2461EG3ea2rAK2KKa2a5zeIYG39Oa2r8m1vea1waXC2KMK4XCo243A6a24nAXAneKYZ8a4H_1Umm5xA1PAHAYKIXl8YGaG4Y4GI5AH8IGXCKWI6Ka3e1x86m4K5CIaXD8qma6K24KaIZeaY6KZ8a5e4aaq6teb8KKY2mmMXg1lecWYmGY4WY5ON9CWI4IWIWI4I61_59u3eGY5-8N8HAnCmIYm443P83OYWKWK58Hl9AIHgY6G5DOKa4Xi3AWG3OK1OmKaW5CYYY3e1UHA5OX9A5eY5eaKKIHCWI1-81E1-84nAXCWa6Hf98KWG4YIWGd9AGccaK259e59lAII1iG4IYGYmY1-83e4WGIKKXCc2HQH8HeH9OX999uX9eWHP9O,118.73
Puzzle 20x20 #47,20,20,4Ib9IIXWXBa15o2825f418H813VW15mK4e9zHAKX8V54-2WA559KX5e84W3HZI95Y335XOI1bK9W-eW5CX24WHYHHYe4HOAEIGKoI58-eC8De3Wxm31mmvWKWIH1KA14IOA5mCa3YeG9HZOKO9-8H2K8KHPaW5HWGGXe5m8Yo1-498C9A6uHhAcIH14a64KY52pO8MACYG8K1NGnHA4a9Q4IXe1Iza5KGtW6m54X4eYaHII1W52uGe85X8-KtWGi6Q9AH93W2AOO54G19ueGatWYu53xkI5mX9HOXX9WY12qKHI283eI5YCaYYc5zWe189546592XWeXw5faG1O9A4C2v5-24KYGGm9W9gIAW-4mHW884-G9mKKKIX5BWYHKMI9Ie2Wi3KS8cKWX,19B999C43B985B8245D824K24Xl8GHCY2H9zeY5C1ze1-8WK5Aa5OHAW24mYZ99eHCXe6ma1BAI1-A2K3O424Y5AYHe25OHSaGKoIY1-Am1QHC1_66WXCd8K2IKWKK24IXAYmmI3eYGaHu3eX9-8K2KG5AMI2He4246K5CWHi1-8a4mIHO7ereqaY42a6WHeY1FO1iHCY4WY1w4neK199QWI3e4at9AK1_1CXA464HAIKaa4WH8n8YGY61-et84MmcaY59C44HCmKWGWIZeGat8KZAXlh9e6X9A63OI4YWGcKKaGG3eI5AmIHAq5V8YGWaY43AI4m2HCNAqaWG6IY4m1UH-82KYWGma19gIK1-86YGWG1-8I3AY59CKoWHeHP999eG1POHu1fe1O,96.56
Puzzle 20x20 #48,20,20,6bII225WHP8OYCOII9IY99eaIFCHCO4EXPIGU15CmmO44XgaKKOYW989G963H9Ot81I3A33W-HmXeC6mWHe15mK91H_81256m31aSyaAHKeHQ8GCe5a598x41b8AYX6eY92Ae7WA-a8MHXeWBG93cI6ue6K8Mme84U9XmA65I8CYO8Y3GYKAGI6Ano85HeHcK9GAKW4A4O6YKIYH3OXA56mIXA-eBAOAPZ8aXa985Ke9GHKXWH9I1G1948-Gg4X3a3AK7KaW4GPWa14QeHHHK3358HXI-TGi1AS1XCU2Aa1IceHGGA2-4I9KHIY6493CeE4e4auA4i2mKeXG8GeHaK15AaAKZemY5CGze-2K1z4-24H3AKH3OIIH681948859e6YOIII9aaI99f2,3B9982585B83A639999AII599y6Y3O1SmMI1F85O3Om24XgIKK3e2aGIWIXCH9Ct84ImY3O1-A3O5OXC25eWKXAI2HV8WGHOXC2anF9e5AKHQWG3A59Aa1x81iG5e6m5AI1AKn85-98MY3e1iGa3QI6nA3eWM3eG1UI6XAXAIGmHCGK6WKHAWImK7P8KHA5fAaWHe24K23OYYI5e66m5Am39C5-eMHCKMn8amIa2HAKaWYHCWKaaWG2a21-8L8mX9CKYZea244o4IWGc5A5AYXCK2KX9-h8o4HEWm6p8KIWaq5AWGK1-8aI5eIKX8IXCYZ8H8a7eGb8m5Am242KYIK25eaHAZA3e5O1_5-8K1_1-8W5CKKHOX99emWGaWGWH9eXeX999999999f8,119.69
Puzzle 20x20 #49,20,20,3aXOKqKmX541KJcIY4JC58KOA2ncCKI_GY65A5a869boG9444a4G2W79IW9J2W2Y3uu8-4Jaee36I758W-5Ie3AAWw1e4IYnGA4WD2mmAOI28K9eYD84V9xOHI2eaeg5P9AWXCI28O8eY9YA68OO2W34aYx4AY6Kmnm1HWx55-15_G2C96IHY2W-e1e3Y4AGYa1a1xGAGAC1We58I5HYBG4OOKGeB2oAIaAa3YXa8-GfYHmY3OJmZMHaoXe9GIJWAAIaK8HI921maGS8kG5a95mm56A3WKIa9X11b2A1aCAg3IJa96148G-2z2YHaAHY8H9H4ael2_51aG53XC2X2K98uHGiY24o1a6at1Am8V1-226a9I3IGz9e246gGAHAIA6GCO33e2Woaam8,39C65DA665825DD9A1DCKWYmY1uqm59_WY3AHea4X9BP8I4W2a2WG1SII2ac24G5CnE1-8J9AY3OIneG1-AaY3eKWN8H8IHS2K24cGm6HOa2WH9A5QW1z9zCYI1eI5g5P9A4m6I4W6WYKI5Am2m624m2aHz8YHCKXEm2K1VeH-85z8W39OaYYG1-AWK3eGYW598I1l8K2K6WGHe2I5AHi243OYGYoWM599AIm5Oa1-8JAHCK3Ocm7BAIMXAa2aJ8KKaaKWKaIGGmI1u2r8KaaYXCY6YX8H999O24o4YWa6HgmIJ99C2421-8t8HeaHAK1AIH8a5_1VeGaG5CXC2m2KI4ZeWMYG1i2aX9l8HC1_1-8G6aII6a4t9AWG3gWHeH9em1OmmXeG1P99OG,96.81
Puzzle 20x20 #50,20,20,GK9AmCIfa99GOafCn9I1_A86e1OK14maOIBY84245WYHY1Yee_OY15eCI9TpKIe1At454A56ba8KYGK8GY25ieSAe6eZq89K9XGV8Q244G9IIOYW2G34GWGK4l4w-4e7X96Ka-GGxTWaIHIa5WYOYaaA4eAm5eVWe3HaaAeAKG5OYGAYKX4AYnHGo9e9I69CAWP78OKW42oYAW18aHI3Wt4ema4oK1AA2-IXugHHmcA8Eaa6Za58HY456K4HCY99Ie1YK2-K2a8vKb8A1a1I79ISKGWGdGA8CIWSAOe66KaLVW29Aa65m9aCO3Y6288WH1oHKXam5K831qj9Iaxu56a4JYGHCO39Y2HIX8e43IA3YIa4BaH9HXI8aCCM4IoXYmEe8m4auOOc5XO8,259A639D999839DC7998tA2mKGXA2439OabeG224YGKKY25AHzCK2YY399TyKaY2Hz8KWYY6MIGHAWY4WY4HPe7e5CHuqGI59O1_2q224WIaa3AW24m244WK1_1T-85uX9OH9-81zh8aaKaaKW5C599AWHAXAHl8YXeaa5eYY25CK1AK5OWKHEYWb9AIImaXA4oZ86Y42WMHe24GIKa61x8HOaGoKWHA1-9CngYHCJA2Z99OZ9A4KYGY3AGKXAIIIK1AK1-e4I1UKMW58IGIn99SY4WGd8KWmaGZA6K3O59gt84aKa3AX99Omm5OW24GYGbeYX9OHA1C1Dj999zEKX98JA1A3OX9eW59CWYGX9A3AII4MI59A6a4a66M19POHOneGm19umXfemmG,122.23
Puzzle 20x20 #51,20,20,GOP1122AHO9DfX1AIY4AHAHa-AI4KYW9AuKKG98YKI2A58AIHa194H6SI55_feC9Ia-2CI51I62z4aH1EGeMaEWG198zY6e8H5CAKHI32IA5k21YCmIAK2YG3KSA18z1Q119G1G8WV9T2a2_888o4-KGV2-4K14Wuf4K8HaaF2e5T5KYGHz5iHX89AKG2XH1Y1IyH2YHAmA3I35K5C3AAX945mAGHAXm4HX23AKOOACHQWY185KAteWP2NYm9aK6K9AA1-K82mgOAGea316AK5m3GW1GC2e2YGAXKZ9aX25uLIgHY-aY9m65II4hgW3X4O5591WWiI5eI98G4zO5EXDGt96DX5WHaKeH4aYCAIG3G4Ia5GaWeGd1gY99WYY5aJ5mAGF9oI9e2OZG,23B82445A39DDC459A1AKKH9-ea4KKWaYZe58I2KYa45eGYaYa4a2HOZ9AH_qYX999-8maY4I61V8IYGZ8HB9EWG2a1zAmKWK5OKK59OWI5Ar8W5OX9eY4Y4Xe7A41_2q24a24241z9w4aGt8WGo1-e1_1-8Y24GZf8YG599UWK5kHeK4KtAM5CGa5AWGXeWH8adeWKKYmY6aXAHA63A5CaWHCYWHAmm45O4mKKmXe65f8K41AK5le1i1kY399em59eY1-eWG3g3eGKI386Y5A3O2WG462KGK4Y6HSaIm4HSL9gYH-9ea6mKaa1Tg4XCW3AKIWG1iaHeaa4W1_3e7Oq1V9CcXA1eaY5AWIHCYIW6WGaaK4I4Y1v8LAIaGHeH9feXe1v9P99e1On8,96.83
Puzzle 20x20 #52,20,20,88v95WGMB9aoeOK85aauLYW3ZWO1IHH26v1Hm1e45G425YSAmn4aYC12YeYcIpA65C5II48C3H4-HA118YQ99A5HGAVWe3Y5WWlAx256meoI692Im5WH1W4YAWXYYKmKAAmiKII-f4Gra4WKCOim9HIB4721GAIZ1-Ye25IHq4A3aIKK2N1A44IKObA11I24x1Km8h24WU25aYPCGw1e34AeS8rWHaHY4XmG-G595HXY2W-G135YHIOI244-54L8H21IHAI9Cq8YDY81Hz4I8A2euIK9OHeHm3K3I4IPJcHAAmP9Xa6m5CYC9GCG43I73AWH5KGI56HCmY5xrGYG5HI4Kp16H8IYm61896aCO8OoKK3HA8InG5e8XAIgH9J9AWDa9FI6GGFHeaIm,21F9A41BB99BA658599ELeG3u26GI5AGmp8Y38YGY244K5uK6n8I5CG2KK5QIpeXe3eaI24mXA1-eY4G2KJ99AHe2Hz85CKYG1zAt8HC6HB9Oa2aXe2K4W2KYG3eYHCK5e6o599-f81wI4G5OXiX9eIo1EWG259S1-AY1Aa5D85OIaHA1w4YWGIHCoYW2a21x85O1w4G1F8Ka5PO2r8K6GY5E1w4YIYYW661-8YaHAmYG1-81OKKKamIWG1-A2L8K2WI5eaaXD8HDAWGKt8a4K4KZ9ea3e5AXCHCaWIbffeYHCb9Oa3OY3eX98m4439S3eW5AY4I5OHC3A5lh8KWHAa4Kp8m58a5OmWGIX9C38mbe5O5e2aZ85A46H9gH9f9e1f99v9OW1veH99O,122.37
Puzzle 20x20 #53,20,20,62GAaKKA18CXHe12JFWGK8xW1m4-H6Xm2-9H1AGYEI9tH841A9XIK2KK2e2V5e18WxW46KoGK41AcCIYGK5WP2I5YK24e7qeABYA5-W98SCWY4-93B32G45O51G9AAYaJK5WuKXYatXu9GTeHm12Le4AY41KK85G1K6Y4H6dT2Y3W8-e5K2XK9K14YYm14_G2HAeYmWWEeWP-K3KK22Hl19G65YV9G48IWmAHme1IXBX1x4585-I36O5GAa59m4G241eM4WO95Cy5GAOI78TaHOX4aHaII5K98-1299TGm3I1D1W22aA119CX5U1XmHn1z2Nk-83We4XYeC44AYYa2a1HGCKlaH9Y11PGuGYY5A8CI8Um8435-4EaveIEIDeGAA599BY81GO13J8,38259A5A42665A41DF82K1x84m1-Ammm1-9eWK2KZ99Ve24WKI39AWHA2Y1_HAWG4t8W6HP8K44KJOaK1AK1iWI5eK24YZfe5PeY5-8a1Em2Y1-9OM6W245OYWGa5eH9QHeG7emH9_XEI1he5C24LA1eK245eGYG2HCKWY3vh8HCW1-e5A1OKaY24KK6G1l84YHe5O24Ze1P-eXeK4WHl8I2XA5_I24WI43eY3AWI3PO1_WK2H-9Cm6K4KIH9OG24WGYMWGX9emde2K39E2r9A3OWI5999AYI1-8GaIr83OI2q2224IKGWI6XAp83O5S1_1TT-8m258mK5OG4HeYaGaWYG3At9AaY41i278KY5e46I1UmG2m5-8Z9yKan9feGHeH99PeWG1OWXf8,97.09
Puzzle 20x20 #54,20,20,OooY6OIZGeAEHIGG3eIH59G6Ya5IXCIX59IzmWmOm1a1A82I6KP95GA12XHaW6MGF86356aFWKZGLmeSZeYU4ha3C5WAAK6I9mAAKC9m4149O36IY828GXOAK23InY9-9AenGA-2VeaHhmHWnW588GGCI94K853YKHO3YIXG1x8aHo4e65aKWa4AXKH9Ke_CYIi1WO8GG1P2F5AKQO81WH5z19eVNYeI2GY83SmGV9HIA4H1A68I8g3mG5OKCGXmAKEIRYAH5qmI2A2ImA986IXX8T8v8ecK6T1MC5BIHS2I8KHWa6WWYIImC9G5625315GYK9IXkW5a1W4812z2DGaOK83zWy2zWG-8veHme2-2Y1FG1K81HC9eY6WaHAYH155I9BW8DKCYWfc4,3BBA639E1A5E5982659AKIGmKIYI6mam599_m23OX8I4Y4GImKb9e1AWG6KI46o4p83OYX9F85S1gm5SZeKp8N9O6K1eHeX99OYYKX9OWG2am639A24243OKY439E59-9eHS2H-8tAIYrCKWn8YG24W6IaGYGHOKYYXC59CG1_2aKo25O59eGIWY3e59eH_XAIo4W62424M1UHe5DCWG2KHx8aH_reKaG4YWXE61x9AIY2YGY6Wa1g3O4YmHCG3OKHSIsHe5AJOa2K2a3AIW6a3OWN8d8KJe3w2o6KMIYn8IWHeGa6G2KIImmaGHO25O2585eaI6r8KI4W2424t8q2a3e2mt8d8t81-8peHCY1-8K1UWGYGWHCaK5O4aHeHe1eH99P81feXe1ff8,122.47
Puzzle 20x20 #55,20,20,1Qao8XY3W1WJZ4FI51AA911emIm5lA2HAY42HFGAYKw8Z2Ha52914A9tG8GkQ1-G915K5OzWYGGeC99mCeGK39pWAAGNI3Am5Ka5mL1XYeCH38W8KMS8YHX52X5memeKIWp55XA55fOAKY6AGPOHOe3m18paHq9CK22K752jeeY363eGCA1HV88xYImWIO5eISGH3eau4I28eW98Cm1eA1GT8Xaeet4G8l4HgM9YIm8-W9O4e6He5WI2W311aXAKWWeea2FA-1K-A1-He9K2emzGG3GI4GHMWA8Aa2GJ4_AWXIHnWQWXX1KG-W7KA2H1WOHYY5AKaeIm198IUIC5HeWZ1QIeC8O12HO49e6AeCK9HH55I3QW-aAWa3Ke5mm1952oSmG8HIaaIabC,1D9B83A6241DE1F9A25Aa24HCImHxAWYHeG4Hy2KY5w4Z8H9AGI4G59l8W1wq1-8I25AHCt8Y2WK399OXAWHCIp8HeWN9OKXAH9A6L8XAHO5C2WG5i78K5CKWm5C5O5ea1U5eXeHecXe5eXe1i3e6Ym381F9eJ9CY41A7e1ReKK3O3eG3AGYt81_H9CGaXAH9S25OH9SWI4WK2a2XC4HAW1w439e5z8W1x8Hgb9AI61-8I38YXA5A4I24m24ImHeG4KKI1y5-8H-A1-AH9A4YXl81OWaWG5iGKWKI42q1VeG39e78cW6X8Y1-8nAYG581O5eHeHeI59OWI19UIXA5e1E1D9Am1C24HCWIHCKY3AaHe5AI6c1-9e19OYYHOm19e1PumGWH99999PO,97.13
Puzzle 20x20 #56,20,20,69O8u47mGPKGfBPM22P5eG5eIaO58Y8I33WYAXH8A4944649GV8Y19881OU8g-8KUW-9AaXZGb2lamk15G1W8P844II5GaHe8Ie2HHh8IemXXHZi8x51rGN4YHWIpWa5AaG6C8GHkG4aK_GX8yH3e7aA2Ea3I54812GYKGaGI1GA953AaI-GYE95Y4t2d8V8He91eI1GuKAWp8H139A4PmdWW-2QYC9684_1542wKX8GAI953KGmIF29me1Y26IXWGOY8aK54Y3KGla38Gi5T2WuH292Q4eIHHYO1-8oG_18LfzW5OCY6eK6H925X993Y8t4Me9K72AKIWA6aam9aW88e3m3ee92IP883KC33C1G9paYOHHnI3el8YGDH9UY414IQaIX2fYKaIKW,39C1E1E61BA1DBBB81BAKW5eIamK2KGa3OGHA6KGY2a22m2a1x8Y4I424mp8L-8HU1-9AI3u2o1z9CN8YWG4WMWG4IIK4IHe2aYGK5h8aHCXCKni1VA2r8N8YY4Id8a5ea4XCWGKr8WIH_2mGde3eZ9e1EaX9A4G2WGHAWI4I4G59em599-8K79AK1_1y1l85Aa1AaG4ZeK1v8YGX9eGbCp81-8cKX9C21V8581kY6G1eIaKXA2X9UWIXA4YGmI624mY4IHAWHCK1z9O24oHw41SY2I4J8Ya5e5C1-8M1z8WLQt8K6mY6YY3eIWKX99CY1_GbeI5uGKKI2KX99CaIWGW5Cm65ea4Io243eXC3O24ad9em5eZ9OKt8H8cH9veWG19f99O1feH99eG,123.77
Puzzle 20x20 #57,20,20,2AKA9aMKWA4GGSI8WF95_4OeHmm5u4GV55K2aWCX8bWT4Hg581_HW5e5-929DY425HWKDK42-8YWKYIO1WHaSIC4Wei1I89X9eG2e5mYGIG-1Y5AWK2umY-8e1KKa9XH5AH3HIeKmW92a5idW2Ze2A1mO5YV2BIm4O82Im9_GH-GeuKG2CmYgz14XO88XI8eOA8A1a4YWI5GYCH1k62qHe8lXK2FfAywWH91w9YHXIGJm2KGW5OWa48AW83XH4I4aK4hamneYeDO69Kg3a-WI9mXK1XIH1ceXX2A6Y883IHPLA89XHWtKWkC9KO89be4HG-GQKmW4A2x3IH3GqCaee8G4414I84Wi4CtWAGY6XKX1-az6zeCb86GeXGI2355KGW5H43E44KD5Ky2,25A599BA258247981F9At8m5A3OHu21zeHA2aG3OWM1h8KLA21Ve25AH-98IcH8GYY4HQYG1-8KWK59OWG59EIm24HP8aGa6aY245e3eGI1-85AY2YWnCH-8Y1AH99OYHe5OKIHAX8aGI5PF81EK2Y4XCK5V8b9C2m4WI6at8H-8YZeWGXCYLl82mmWG6aG5OK258a2KWaK4K3A1km1fAY1_3e1ycYdh8KIWN9A5OIWJO4Y4WKmGIW2KWG6m58I4IY1wa67AHAq66aHg39-8II3OYWmIH8qYmm25OKWG6IKMLA4I6Y1VA1w6a5CWIoYGY1-8qHOWGK1_maY64JOIKYGW2424a4WGb8mt8H8KXCK61-9_XlA6b86WK62aWXeHeGWHeGmn8WHfeHv8,98.50
Puzzle 20x20 #58,20,20,1XAaI6GHHm9eH95GCaA49a1ABW-2aGmt1A-1e5p1e9Ia8KHWOY3529218e22reYGCHGI5NY35Hd9HK_W8WWiHG5CCW2mKK44KOWIWTeP36eaV29AGXWHKwaE1-45fi8_8HAYeC5Wt24Ha4a4K2128O361JfH16aZK8OaY5YIcKIgIA92YeCWP43aEO5m9AH8OuXea44G8_1CO2XA551N22YYAmFg95nYY_m3eU5O9JWa3aa4GHH8HG42e92mm813YueSIKCA2nG1II2d8-5YA8OOEHK6OQe-WA9Y42Y6W8KYI4HO994KiCXem4H2-e32XOI6IGY6e2KamCmHH4cP5AOm2-8HaC51KAPHAWI123a21a16VK38l1a6G53BOeMU52IY16eHeY1qQAXW,1C599C25A39A59A439A4aa45i1-8IG3x85-8K5v8YaaaW5eG6HCKGaWGWY24reY4XA2aHhe3e5F9AHx8W24o58Km64G6HeWG5O4I2rAo6XAat8aK238Y5h9S1-8KqM1_WHeY5OK1x8GYaGaWYGWG1C6m1fDAG39SY4X9AK59DeaL9Aa4K5OWo439uXAX9eY43uXea2441_1O626K5A4r8G5AY6pgaHEYH_mXApe39f8ImIIGW5eGKWG1AIG3O246HEHSa5CY1E24II1U1-eHeGXCZeY3OcH-8KIYGWHC245eI2HOaIWHi3OK38Y1-e643OI6a2K3e4Ka3O6HeGcoHAmm1-8KaXe2HeM5AWIG26I24aGXlA61V8am4K6MmHPve19eGmHeHe1ffemG,124.71
Puzzle 20x20 #59,20,20,2K9aH414X9v2AC44Gqa6N124_ehHe1KIF2taKO6mW2WvHYC46GeaIW9G8I9I1kImaK9zHa36He8W-1X18-aHGHOG89AB2KK9KW3J2gG9OEHGXAOqe92zOe3Y8b2G9A415YKKmI8LWO5I86x2X1-4oX52Na3aa3621A6HaAIaGacHW2I37GHAl1eY1-WI3IG_4Y284-1K219evG88CYCGkGxG4T4K5YK121So3HAeWK48I41An8O9nK5CJCY3amCA-IeJAeaXW5OaX6AXm5I84A5KA4eK2o1aHAHGeHIGO5GYz5HOaOm3KXIOeZAYCDK3HWWYLaaH9H9eOHIYmKX2IYem82191A9m9M82t8C319e53IzAWE3PIYKKWTGIKE3IX1HiIaO89iGeeAa3,2599A42439F85C241D9Cr824tArAKWKad8t9e6XCW24peKm2m2YaaGaG2aIa2r9Oa59VAImXAY21-8m41-9AWY6WGIHB8KKIYG6cWL8I3uH86HCJea1VOYmK1i24IK24YHe5Oa1gG6KaW3x8m1-8M3e1h9CIamX825OH9AaIWIJA4Ga3u25At85A1-8I6IGt8Y4G1-8KWGa5UWG2mHOWN8t81kGY5eYWG1EM65AYGYG2aG4KZ86I7AYmqm5OI3O5-9ecKYImGHOa6XA3OKaWG5eKY4KK1B8aYHAGKYa43e4YteY39OXCK6IXAne5Oc5OYG4KL99eaYIHCH9e3em2IYYX824a2KIX9B81V83O2IKK39_Y1u3P9AHAWN8IHuX9OWHP99O19P8HeH9O,98.66
Puzzle 20x20 #60,20,20,6aGGXIaIcq2483aaIIIKYG2x3W44am8zXHAIaCGSHGVY2GxIYHY5YXH4GeCLAAG321KH4I2eHGet2Ha2O3AAArG1z2K9PIK1H2HnPaA9I14a8YIWXagaXH5GmuW-H4VK8-9aK92-1QYbeW1843aA9KGOMa2WuXe1GKZWY4W4Z1AY6A5m2KOYZ5ImQ2VY89eHe1t4IWGH6KH7XmKWeZIW529GH4_ga31Oa9EeCHfACaZeImY16CWx665I7I4MCXa499495XWaG56aCX9K9hG49PGn6e6AAAKPWIm6828oWaW5rKa9XXq1m5IH-WP1496eG1aeIaH1zXnHI8CXWvOBXmmYXK891889W89WoKGZH3a963XH5t2OmgFHK9WHAGuH26IuWAa5G6cGmaMX,39823999DD824399999AK21VO24Wa61zCK599C1SY1VeG1x9eYHeYXe24Y3gKYG624HA4I1AH85x8KIGXCHeKr81z8H9P9e4KW5Sb9Aaa24a259839ga3eY4XE1-e1ze1-99AI1-8JAoYGWG4X9AaH86MIWG7OKG2K78Y424n85emKHCWKXAneI6q1zA2a5AY1l8a24K3A5um6Y4Hua4KGaGY1zgIm26aInA3ecY6a7AIXAG3O1_m6H9SIWMmmaGII4IHCWIWHCa3OaH9h84Io1S3e3AHAYb8IXC24Gb8IGYNAII3Oq26Ka5-8b82I6KWGIKIIY1_mZeaGXC1Umo66m5OKGaG4Ga22a1iK1SYmIa6XCY5l8XCLy5ea2YH8neGX9uWH9eWXf8X9PO,125.00
Puzzle 20x20 #61,20,20,WO3IS43Y9a9a9DWA6G48E96YO96Ob2X569eeeT-885W2K9CI6ea391S1O219fGVg69X3GdPWIaI5XG85XCHGQ2uH82Ha8-8AQW-A4KyG5I54HKX98WUHY214OA82Ka42-41B5E84a229iG-G6OeeWeHaGHaYee_8Y9I9HH6X8q9391ECC3HcAC1C4e5I5azWeYXCI5WX5WgE9V283G28WZmmOeYCKA3De8ZYZoW2ICmC3SeAm4em5I1C3QH2-aa6WWYeH292X51GCGB4W4X_YSGeAW-8aU8k5YYYYBK18eH5HIGiX2aG1m44mmHAuAIKHKWHaKe8xIehOYHeCYWDPHa5CHWK68Gkz8W5GCAWKKOKJ9u4_8b8W41_8K5u8CACaaI5HAAaI1OIIia8,1C39E46599999D85C224Z9OYmam3B83AX9eY5T-82K24Ka39OH9OI1E2mWWIq1zgX9O61FB8IaIHC24KXCY4J87eGWKI1-8Kc1-eW5v8KaK25e6IWGdeKWG43e24YaW1-8WMHEWGa42aM1-8m65eG5eIWH9eY5x8YIaI5em61f9CI1E66m5QKm4m25eI59l8HemmIY1OY1g79x84m2WG1E666KK6HAmJAGZA7P82ammmmZeK38HCKI1OmJA1-99C42KYK2aW6K246GMWG4XlAn8KY1-8ap8reHeHAbAWGHAYKaGbCGa24624m6HA7AIKYY1ea5e1_aHw3eHAmKGqMH9eXA4Ym21TV82KW6Y4YHC5D9u1V8MWWG1z8YHuGXeX999eHeH998X99P98,99.17
Puzzle 20x20 #62,20,20,248WWCMACeeaIMW81Z1WRAFWzXKK3XmIKYKpeAau53Y1Wo3eG28Y3mXKKH1AAGz5Ga1VG-HYXKX12k25634Yle92KHG98emmlr1IX1HWA4A48WAWb4gC24XO1eHeaWXbOx8pG5KIW125k1m98zD2Yh4qKGi3Lk8YH5HW3WI6e5G8OH3GeWd9u6HaHe55OYeYDYm1G3fm4eI672x6AWFSGCKKdY4K3I4WA8WI19WCeKOHI-GeY32kxGWWam62z83KHAWIgCHG11-AALI8AC9W4GX8A3a_248WYmI9WCY59-aAa1W26o86I4OKB5aGW8WK45Py8a1aOCC9a5YFIW2qgA2Tax6dHIA4A566K1PWXmaG149W48-2umCCAvGPW1MIa9Ma1G4G5IDJ1Y96,242423BA3A599B824782s5y1VOKHOm39AHApeH9SYmY4WMXA424K3O6KHA4YK1zAWI1_1-e5OYm24r8KXCW5VAIWHeGa25O6th8aX8YWKGK424Y4o1gmGGXC25AKa2Xi3x8p8HAI224Yr8ma1Vf8KN8JA1POLw4KY5AW6WI3eYG1OHC1e1yanCKaHAKHCHA5De624XfC1eaXE1_3e1FuW6YHvA4Y6a2WKWGI2aG3eHO59-8KYm1Tl824Im61V83e5eGaLCYWG1-AHgIWHCIW24X8YX9V82WGHCII2XAH9-9AI2WG3P86a1OHPAI4WG2K2HPF8I4am6399AHv982qLAWN9_XFeIK1AHC3A4o4XCIWGWIWG1-87OXCKp8oW1P999P98WGWH9ff8H9O,126.02
Puzzle 20x20 #63,20,20,C9IIaIQ5GU99YG27b9O1aWWmaH1Y1e1CzY5a1mDWWekWIWbYGAIOa84AA518VYKIO52-K4x96Y-4CY-4GaY45n3212I2WI85Y8Ya3I55CKeAan6I-1Oa96Ge4992z2eFWGKOW14546OYHX91eWH1-YHIeaemieXOn99OAHm5eW16I-eYC56P8K5mOaG6L9HH44IY1aIe1IWuKPX5XHKm1214HJ15tAX1bGI1I2IGrJIe9G4YY46a41TuH85ME222ck9VKOmOeAmWy424Gz9K2W2A1aWIaKAhYa8zK91W-4897aSXa8A6aYaW-5892c9162A6KO6aaoYC28GmGamK9YCe5m3GK46I8Wr536272-2nM1OA94m4-1aW2x2f2AeWeIOmIZeK16abKKYG,399999DA1F99A447B9C4I2439e4KWH83xeYIGXf82Kr8I1iY459CIG2KHA24te59OY1-e1l9O5-86H-8WIY1A7OWG2aG2aWHeGYI6IHAmHA59u39-8399CGKWII1V85y245OWG4K4XCY5OIWKWY1-e59AaYXBe3OZ99OY5CKYGW39-AHCHCMG5A6maW6L9AKWGIY2aaK2a1uHi3em5Am244GKqWYtA61i2I4a2I2rf9ea42KYGmIW1TuY4HPu241fh9_HC3O5e64p8241z9A4GWK2a2Ia5erAI1zAa41-84an9Sma1e6IKa1-e2aGca438Y3e66aIoY6WG2m4amYI5OHemm4KGmI41TeXC1S1-87B83ea261-8a21l8cWHeGH9OX9uHeGX9PeHeG,99.50
Puzzle 20x20 #64,20,20,4CYQm4aOW259aKepIJIKSH9U55oa7KSeGz4WmIA11eHGWmI6KKK2a1W1G6mAx2K3G91OO83W528VKm_1GAe5Q33HIpW5Oa7XX68IaK3A5aOA65o9K6nHGY9X185aeCK5OI9XWMKAaHIOA-1HaHu2aYYeImO47XH2GI2I1tW4-1AaGA69CY8wc2qW28He8b2I9em588GK2IAaO8tGmaW2ege4lWOP2-G3a5HHXW-HGHXKWDYnGGKX4mXO4AHGnYYa6QIGceGcHKgGxH1Wfe1Gl45385VGe8898WN5XAw2WKGKgA4a2V5A4WZOKmc26aaE3IemCeW55A934deA9XKN3HCD6z48X6e2HmX8eNW4A6X1GYGB6aaeGG95tG11eAYIA25XJ8EaUe4WK9fW,1C5DC19C44599A5F9D9AZeadA5iaZe7A1_WGX9AG2KYWGmaXAHeGIWG2466Kt8HC4a23O438K21zemt8WK5ecXCKId8KX9SXC6WIaY3eKaXAmKb9AXEYWH9OW2KIYXA5Oaa61PeKI59C5-8KI5u2aYYH9CX8nCY4WaGa1z81-8KI2Y39CY1wc1f8W25eGb8IIHOY4G2KWI59C1z86a24KLA1z86o1-8X9e5em1-eW5OY2cHS2WK386XC25eG7e59OqIWJe4JeHg1zA4WJe41l8HC2Hl8K24IW1w5CHh8WH8YLeGa1zAH81uXA6J8399SX9AXCY4HA59C1yKH9O5k65Oc3x84m6Y1eXC25kWGYm6WGKGbCaIK24a5_WG4HeH9e1eXf8n9veWWH9f8,126.94
Puzzle 20x20 #65,20,20,2na64Xa9SWY9UAGU952GQ93h1YYH5-W2WHI2e-4K329mIYCC14GnYHY498GeG16A91e4IYY58IaEaKA6G-95mK3U2hGK139K18yWI289CAaI248i9YZYlCK23XQ3FeaaeIx164XI469G98P84I9H9Y1e9lXKeGV4A6e55GYK5G5-112I33GYe516u3aAHw18HaY3OGz1KYe562CHl1H3K5aKH6IEA5ZaBKO215G1I8au6mXOAAX1k8AX4e-GIGHI9OCa9XHCH5_2D84a4_8YHGuX2KWI9a88I6Ws8WAzHH3HIYY49Yem599143Y2GaAC1-GKYHOmOIn2-a3e8aK8a1H4ID59mW454135kWa57IKH9YK2G1tWKHdY-G8B5G59aPa9yYAHWWOW2Xa3,279C4399E259FA1F9A42qIXh8K5eH-8WGKaG5-8KX8I6IYXC2WG7AYY2aWGY24mKIGY4I5eKGIIn9A5O1-9e6K6p8r8Y46IK24p8aG4amYIIW24oaHu5_6H8XCcXFAIIH9z8m26aWmI4aWMWGIIH9e259_m5A1x8Y3eHA4KHA25-8WGa3O2KKK43uX9AHwWG59e3O1x8YYY5O465V8K3e59AK39SKKn9iYmWGY4Ga19u3OXCYY61h8HC25-8a2599O6aImHCK5l8qWGa1_25AWnC2H8aaaWGa61j8WHxAHCYI5eWa5AXeIa243AGGa5O1-85eY3O39u1-9OK2aY2aGY19QH9O24YG2XAr8IKZ9AH9AH824t8K5U5-84oH8H99P99veHeWWmWGX9O,100.09
Puzzle 20x20 #66,20,20,OW6AaIXWI97YYAG3WUoHL56X4A6WGaCKUXKYe8I2Y4MKaaa5MK8L8OCWEKW992c5956cY9eYAeI5D3YAW-2He3mKCea3KzGW5Waoc4YCaeH19CeIW8WlZHm42KWGHCo6d8K6YHm1KeAH5ZaHU21KeGeH1EAMWSOY1YmWWha6HCKYW184maAiHyaZ14If86uCOh9e5e22OY4aCKAHYrSamz22I4-YIWa9mHXYWW5142GlO2a44lme85mq9Y1F5GAW5A45aGKaIH8G1XW45A9eCK-8K4P882Y-1O4xGY7ie2T8H-W4VeGYezeIYWCGqKW2441S96AAm21A3HH5mHH9IAeI4Ya3nXY2H4XHWH-4Gz169eKHY8HaevYHOc2GO5A2716I9a9Ibm19J998,386599C199E5A5861FBALem62Y384am5y3eHeGIGY1BeIIIKbe1gW3O1E58II4JAIKmc59AHAH9eq3AK1-8KKm3em59O5V82Y4IocGYX9AK2a3AaWG1Vu5OGWK4G5Co3v8Km5A6WKY5AYZ9ed8GHAW5e1uHi1u6K2HO2WN9C5OY5824W39eoHF9SWGac23u66r9AHA4G3eGa65eYHTSamt82I1-AI4aam5CKWWY4WG1VOWIG1_Xe1eXf9A1vA1AWHA2KaG599A241O24HAI5CH-8Y2b824H-864t85SoY1kGH-81xAWHeteIYW6GJeG42WG79OK5CWG5OHeHCHAaI5eI1eaXE3e1A46Y25-82t86I5e5eGH9ApeHOqWGmHeGn8X99999PO19f998,128.01
Puzzle 20x20 #67,20,20,832AA83K99HA15M5m5Y2q8lG-KV4AIZH54e3x4enK1KWaWI1aCHICav1WGGecA952Km8WH315e6G9oO5WH99a6ea1-1c355622JHZSHOIKma5W2Hq3C5-8NG29G1mcAm6a5e956Y8AA1tGIaIHeHadGX2IYImAKXWhAH1561m9382rv2e8e4a1GlWe1YXaEaYG13TOIOXa1AO2K-4OHW39-8eW8Ie9H2q5aGX1qCe9AKG8VWYHb9aK74II16fWWWeX4IO6K8OK6YGt6WXaz6mQ9Z4Iea5XW_2252891mYY1KQ2m9IZ5W14ezWHI6G-1eYHUeHAY92-8Z9aZI4IWafG3e4WYZI18O34m376A853O8_CA1m54mHKaeAA4oXm81Yia4GFAK38a9IJa3,1C25A46599A585BA65A2c1_1-et859u5e2Kmt8HSYGYGaGaGa3Aa39v8WG2YJAIY1e6W2Km4K5C19BOK2KIII3eI1-8cXeY624JenEHOIHCIYGWHDCmH-8N82aG46Je3OI5AaY3AWKYGt8aaIHAH9v8m2IKIXAHCWNeY4HCG39C41Tv8K4KWaG1x8Y25OaZ9e24XkX9CX985O4H-8XAG39-8YG2a59e1fAaG61Q6KaHAG1x8Y5B99An8aI4mqW24HC4Im6H86K3e1zCW39_6Xf9S2aH9em1V8WY24IWmHA4Yq2399EYG24Hz8H9C1-8KY5UK5eKI1-8Z99Ea2aGaqWmY4W5SaG1O6Wm6nCY4Y661_3eWXA46YH9eHe4ommGWHP981veHO1999f9O,100.15
Puzzle 20x20 #68,20,20,6K3Ie18q569A6oYWAYK15GY1_IH2YK1IWAI8d1l4uKXA824ZHeEI6a1-2YYGBa4-GCcHICHUH2a2YWHC4I924AmYA68G15OIHyW9m8H9L8IYuWLKXH156H615Ke2Xe76HIK43JG-W6Iue2_5p2XY3X7XpWG91e5HK65841YIOAu51A633F8GiaGxCAXHH4K1K58_4eK8AIGamaIYIBKEK82rW1GdMYYYKa5AmIY1ed2KxWX68Y3Lm85GfYOIA19KKW4a36H3HK3XGIWHaGO59Jh42IOHCKC3KAWU7Af31e2lZIHYGfaaa6C9e3KICIK2X8WHIA9WGWA6XYAO3e1aYYSm9OgyYOY5CKCaGK4AHYOeK2Ae6ODK9aIC6HugHo8EIIHC9934H3C5b9CG,3A39A41DA39A3BA1A5A4KGK1x9e4KK4IGKI4p8t8ZAXA4G2ZeYZ9Oa1-8KYGMI1-83QH9OHFe4aGY4HCWIIWG5OK5C2WGYX9Ap8a6GH9g2aYZ8LA6K25OKX8YHA46KnCKIY4mq1-8X9EK1zep8Xe3OnCd8WI25eKY3e24G59CK7eWHC3Op8WMI1_6Y3eYWK45e1V8HA4YIGamIIH9PeZe21kG41yMHe5AIHA39AG5UWHl8XCWK3g6GK1QHCIYWI5eG2aXCKmKY66Ga2KI2m59Dw42aXAXAmmHe1vEHQX8Y1_n9AH8J999C6aK6H9CIYG382H9AI24WYmXeHCXAGIK5S39OLvA6HA3AX98K4KYYXAK1e5CmJAIII63eZgHP8n99eX99OGHOmHP9OG,129.81
Puzzle 20x20 #69,20,20,4IJa4KJGHJdIK1aZ8p2WA5YmI69YaW4W5I555w4HHYYXe58KKHIg4QqIO49aPX4PT8a3WWGaK2898W-22mIWKIHa59t4M9G-Iv5GJ5Al4IOWC9Oqaa2W2KC819J18GIWYICKH2Km9YALHAe8EI6JmO2ICH3XA-Geu5eetm4t4925YOHZ4GGQ5OXGWKeI1-1fAe481G58AYeIBk2138HXR859UA5Kea2m6A8KaMWKAA441n8AY1LOIe1UOaOmI23t1GKV5J6XI1OYAAC7Ka6YxA44eWIXHa2A59a4CeCGW8m5Ia1Y4VfY9GI5BG5DImK443a33HKOOK3ie26mHeA4JA2KGma43Y9aeaeA19p8W54-135HEXWF5Y5K-WAM7IYeIXHKC8G7AWZ48mY1,19D985D85DF9A19E1F825e5CaX9eaWG4H9eHeN8KY5eXe585e59g1DD9CWIao61Bh8a6W24IYW2a21-82mI2KIYaH9x8MI1-9UYGJAHx8Im239OcIIWGWHO42IJ8G4I2KI3eKGK39A5gKKK2Z9Oq3OGa3e3O5-8KZeY5VO1l8I4Y5O5SWWGcK6mWG5eI1-8q5eW241eGYYH9Bh81OWKXj859vA5AKI23OK259i1e5e241u2KY2LOIY1vCa66a46t845_Kq66IG3eYYmneamHleWGYWamKI4HAII23e62WG3AIa4Y1zDAIGIKMWKJ9CKG2ma3OYY3OK6oYGXCKYY4Je2K1OIGXeIIH9eY4Ip82K1-83AHE61UK5A5-8KMn9eH9OHemGWne1uWGXeG,100.33
Puzzle 20x20 #70,20,20,O4e8YiGOY9qHmIn48GY5Lze54KHm181p5I9yIk88A4a1A_P24H48XA3XW5FHIW91GWY9_Z1GeO5OfW42GaaHta9YGg38_GCH4eN4BIaGWXGYYKO562YIOKt22bKzGILOW91FG5k85Am4fG4Ao24H-4IH5eHXaCK32eCIAeIx8WK63H3CaP9Pna3XmeW85aXIm52XOA683m25KXY4cG8a4HEaaHI8kkHa13CGW1zO64CHXW-G844aaGV5zGeY2Va7ImeI7eXXI183YKaH5GH8mM942A4Y6B52Wv3H9M1HG2HoiIx8H4Z2TGZ9Y4ZaVHe2u212IH5Y58DI3a114A4a54EAA835H4HCA_1em3YY6XXH56QHmOWKea1IyGIoCaH3aam4iIA2faeGYaO2,38585B8659DA39E2425ALlAY2Hem2W1UKaIp9w4GYWIGHVB82K4WmY3OG5vAI2I2WGH9_Z825OHCc24G2IIHV99AWLO1x83eWHw4MIIWG62He5C5O2H9C5x8WMHV8aLO2aWd85T8YY6GcGWHiW25-8aKYY5CImHCWK39e59_WGYXCKmX9P9iZ9O6XAWG59OaXA463AX83O4YHCK1f82a25uaIKI4NhAIWXC241zCm4XAm1-8WGGII1lAt8YY1l9EI6YI7A3OIWGmHAIHeGYGmMIGWKGK3PA41FOH9B8K2WKMb9l8K1u1kG79AGZ9VeYGZ8WGa5A5eGcI6I4GWH8IK27eY2m5AWKmKt85C3AKXCmK5OJe3OW5eaGad8IoX9eX99O1P9e1f9eWH9OG,130.53
Puzzle 20x20 #71,20,20,155X8d9eH4KYXPH19m3KzGOb8IW-aqGHCKIW9O6K25G912Y4GC2eIKWYkWY9YXS9g53YKd56WMqAWKmX1_aYOGeKY558AQ6459H9Y1m6e5YGY12_K11-8161GY4S1AmLOHa54YH4I2YLx4PaGdHCaQI51e34-8334K3KPG915m9OMC9YWIWIHA99A2IWLOH1M2mXK-4AS4W5AH1_HI63XYY9IW15HeHCCHu1a1I964I684HOXlG5YHAeaG57aaXAVWi28GOKa68iIZAamW89aW-44f836cee4WI2YXlY49A2ZaO939HmlY7XHX4H6HAO369WIO2Z529AaM4H154IAK2d392mO3O4WYIN1e-2YWdIAYAHA8I4-WmW-ae1G8Ea8EY8Qc9HeY2Ge9I2,25A61F9A585A3BA19C3At8mMWI1-9f8HOKI2a3OKWK2aG4KWG6459e4Kr8KaY6n9gY3AYpe38bfe1eXC1_I5CGKKKKK2HfC259AaYGmXAYYWYW1VAW1-82m42K278HOLCH9eGHAWI4Hgt8oI1FeX9D9A45O1-83OWHCKMWI1AX9CoX9AWI4I5eaaH8I4LCY1P83O5-8KZ8WY5A1xea3O65AIaWGYK5Am6HEGa2Iam2Im425OXl8KYHeKa2Kn99OHl8o4WGXAI6Wb9u59C24aI1-81D83OqHe24a2Y3xe2IYGZ9CIX9A3xe7OHOG5OKHC3Oa2I61SKGaH9B8Y4Y2aKY1UmIWXCXC24H9w4H-8Y1UaHAK5e4a1-861-9eGGWn98ne1ff9eHeGWH998,100.48
Puzzle 20x20 #72,20,20,G36a9I9Z8CIFeGG2IacWf3mAq49bOX8Ge_1m4KKmWHaaG6A489392InAt1fHSIZCIID41H54a4eGK24u49WIOCS2T-eXzGKGmIHDIca69zW98G6I1Wz1u2OK4733G8WY1PYeaWK1W5HY149KIaIzGG92zOkGJX9X8_A96Im44XSYGaF2H5C992IC6582aaW5H5AAWOc3e2-Wa1e-Y2AMCXa25A31gT18JmAWe2xW5eHS4_5Xe21ea3aY5925eeYOAW1QeI5ZeGE1A5AHGu6H51Y28YHYaImOHZa3KH3C5YOJu3J5GzAYXY6G3YI34I588KOX44GYJCaXAm4H9e-1gC5K4HAH2CeAQ8l1B84169uWlaeK5I5C3OI81A5L2eW1ueWo18EHPY89Ue26,1C39999E439FA24199D8c3O5D8ao3OWGHz864Y5CWKIaW6Y4GI398a7et8qYZ9u6aIq22KK2aWKWKW1S2I4am3u1T-e3x8Y4X9AcIqa39V8aWG6IG1z878mK1uXCGWGY1BeKI4Y4WK5e24a5999V8Ga1zCr8cX9C1zea39CWG6ZAWad8YHCaa2a3OY24aIGKYYHAGXfCY1-8I4H-e4Hi3OI2HA6WLkG4q3eGY1l8HAHS1_HCYWGYa6I5AIWK5AKXAWGcH9AneGn8KKYY1u3AH8YG25AH99C6YZ9OHA3OHA3QnCJA1leHOHC1CKI38IKG2Y3OGWG5DCa6YX8KI5-8LOHA45eYWXeHQ1l8oWG4X9E1_a5AH9A63OaG2K5g1eGWne1P81uHPe19ve1O,132.40
Puzzle 20x20 #73,20,20,X9a5O9cQ2W5XAQ1GWeaKMCO392OE8t6Y6C2l9W8HG6K1Wr2I14eW2c1rOG-An5XIM1IH9AG-YeaGCYGW4I1U1GtaG88A88m64Y6eA7G924m8-GMeICHmH56Oe32OaJ1uA9KaX3Ee55eILa5YOLHH6a5XIYYGoK8nA8DX1l4A8I3e9XI2em9KeaA34e3eOAV9eGe-GOCKAW3ie953aWW4ECa48KODaa59GGav1e5559S4e145WOy4q8dY2mH381A52-1DDY44H9HYaOIH_45EW1aG8YI6aGXAHKICa62ImeJEfIeaC6YC9BG54B5Y3CKYCmmO5913IaO99XAWP6AAIYY9IVGWKaYYYI_W8COA8KKOm8X1z8AmimW1Y65Hu9A4YY55AP99ueIY69OW,399A39DD825C5D82459AM63OIWXE1_XeXC1_a24KWmKG1T8aGWK24c1km1-e7e39i2a59e1-eKaG3eG4WI1UW1_a242YGWXC4HCY5SWI2Wm1-8MH9CYXAY3OYX86IJ87eIYI6XEHAKKIL9eHOLeK6IKmIYH8oY1SY1DC1l8YWIm59OI25OIYKaY6WHCHCHl9A2H-83OKYW6oH9e6a2WG7OIWG5OcIaKI42ap8K5eH9S4Y4WK2md8q1vAGXe624YY1-8cJeGW59AH9CaHx8HSWGaG2H9Ca1CHAYa39O4a65fEJ9ea6XA6Io4K4beYm3eK3O6XeI4mIImaaXA1PCKYIYH99z82KIYY59V8WXCK2KHC6W61_2HOo6WG5CYYn9eWHeHeHP99uH9eX9OG,100.67
Puzzle 20x20 #74,20,20,4CSG2WGaB9IYCaHXGGKKf6A8_aaICeKACCmBey54S2I8GAA8AH4KO192OKm5Kc4-93Ydax8KXeHaHeK24e4a4Uh8eWI4qWKAG4zkeXIm8G8YC1I8yAK_44GA5XeqK946eAOt88r8KIOIY92IYeImHCmWYeW24aeWEAY1J2mO2YIGhG1-W6CQW53H4IQez6Xm85YYKAt86eKWxGJa1H5ee51_56W15HSWH936CO8GQK8GHQA1KXK956m98m_4e4e9e89MAYo2KHWlG85mkG1OKO92nG5G-51Ym2XexWJ9ex1PiGa8GIY44KE2GYmW2WIAGI9a42YK-4q2mKKeaegY8YAbnYeeGaKHyKna74a81pW3CXm66aKHW8GHAYObC9ECOHYOS1AiI1CIIZX4,26782419B99A39A3825AqmK1x999O5AHO3OM5vAGZ8a24HA25e4HC4IWm5CKKc1-9CKp9l8YXAH9eYY4WYGaGdh8KWI1Q4HA41Vw5Oa6WGGY38I4pA5x8WGKY3ecH986KK3x8Gr8H9CaKIWI5AamY3OG5e242aY4ZAH8q2m62KI1h81-8m6qGHCY4IcH_3O6G5eK5et83AY1x8qIWKHeHe1le6WGKHS4Ka3OXC41DAWGYJA4Y3eaYXCI4Xl8Y4H9AGIoKHi2KY1x8WK6r846HCIGZ8Y1-AG5O2Xet8caHl8MM2IWGIY24HEWGYm2WGaKWIII24KH-8cG3AHAI5gY2KHPuY5eGaK5UHEIn8IG1y2666m66aYYWGWKHA6MX9ummHemn8HP98X99umG,133.45
Puzzle 20x20 #75,20,20,8GZM2HUaIIWefJ6W6KiKqaaaGeWK9A94Iy1mYC9W5A3X93Be2eX1Y5WSeIKIeaI1JC1a4IGY5KG5Ca4nHKnaOHmW-9FLeK19X35Hf866IAKT44199EeY5a6em9WYJ5O828-YWHY4BIY9nYGW4YACKeaK6C9142v1HIvkrH1XeA4Im5HNI-WaYeWG8989CaYaWH41I25346H8aIbl4ZG9HexGp1mKGWI6aY42IH4CCGeGe44G2_6aaW-Kn2YQKPKW_4zAqH4qH81AgAaCa4IA5Yeue9YCZYmYe89anH4Ak25HKAd214K2ie288mI8e29WWa2YV1IoaXY1-IA8i9CIEIA1KHGWmImGYX4imY5Z49GAX9Ae5cAYOIy24Y6a5nX9B8CGA5C3DHHIKGcW,247B85F99985DDC1C5BAqaIIWYG59AaWad8Xe6IGYY3OI6MY1Am2YYG7AaKIKII2qmGI4I4KKKWKma1SY5SIm5C1-9vgYY4a6XAYqW3OaY5kG24IIneYH9OKX98HfAmWG1-AGHA1P9Aa7A444HA3AYIHC6I424p8YIphhA1OKKGIXeKr9-8IKKGGGI2aX9AI2YW2aG5OWXA199Px878IKHV8p8XA24I39A4GaH8m6WK2K24G1zCII1-AZ85DeMY1_1zAcY1QKWGKLea6aGIYHe5SYIHCnA3eY4aanA4KN8YYKKd84GK4oYW24maWK2IGWaWHl8ab9OK1-9e2b9OIZ9AWHeW1Ca6WHC4o3A5S2I4K39A5ecYHCad8GKmaHuX9P8m1eHOXfeH9e1f8,101.20
Puzzle 20x20 #76,20,20,CIIM9AeYG8G11U9I95Aea819m_1tqKexK5K11u66Wez18HWa1Ce4WGWkG48aqaK5ama1K329z21-9v3HeAWWX2CG-4W12H5W2m5HaAkXae14aY-16YBJ2I1W2XCKI1-9CXfGK3WIYmdYeHceC12X58IYX6mK3IOKS296IY1W1S5SeYeOA2AAA4W3eIvHH6AeGCeH6mmA5H9dK9aW9eaX5LDmX99Iu38m85iIt229a36AXAuX1H1npA4129DY1IH6ae195Ke3Gs8sW3WYD1euG9E2A5e4W1A1_W4Gm9aOTYeHf8t8p91kGvQY918G4HHeGmA5am8a1A9G95-aXCXn3m25HgmUGAzWK4G9aWA68eKC6uC894a46AWIYW2eZAXI5K91H549Ibv2eFam,399B9A5A44421F999A5AI24I3x8tfe5VeHA41u3O2Kt8GKGaG3eWG41w424IqaHAa6a25O19l81-9vCKYY24mWm1-824WHAWG3eYIHw39A4WI5-865PD8I4G1O6KI1-9CmcGYm2a5CpA5eq5OWGXAWI5O6mYX9OKZ8aX9A241S5u5eHCK1AYKW23AIpAYXAY23eY63OKY59UKIIGIH9OKLQ6mIIanCWm4HP9V84aa6mHCKnC2Y1EdA42WIcYWaHCaY2aKHemGs1R8mGHf8YZ8In8Y5A42WK1V844399ONAHAq1_1Ua1kGdfAI24WGHAKW3eKam4aGYI4IH-9C63u3OWY5gXF8Kt8KWGaaGHC2K5Cm7OWIWaGXA2aY24YneX9eH98He199Pv8Hv9O,135.54
Puzzle 20x20 #77,20,20,2KYAa9aD3825BaYY11Hmc8mWH19XBA-1aXE48vXO3OgImc3CaA1G169Yea19H3eH9XAAWIS2H7OW3Xz11oHHz2AXY66wYGYBOec8WW3WHWYK9Ya2Aea85G48G-489c2-483OX8u8-aaNGIYH4a84OceXeImGAGC33a35YaD2WA8AO3K4La3J51P5H19Y-G3ID2YCO3eWXHA94_KH1aKO196CaYt829o2W8-82K9YeXI59AYGn96aYHW1WleX45eCA95G59memBA53mkWKO9o8G-225AG5aXGY64LY99XY589n6Gk-GYoBHI2_2He6HHm4914128GGW6CYWen56mmb7aIXXG-AXI3GY25VWH445I8KHAHW9Y3L2_81W1xnIp1K3G9IZWCAYH9aaYG,25A5999DC425B9A5825Cq2m1A4aXi5-8I6n81yXCXCL9CqXCaYWG2mI5Aa2aYXAYa3eY2I78HEm4m6t81PAKt8HCHOmNAWHi3eqG24mWK4Y59AaGHAa2KW241-84ac1-82m661u1-99wWIYYWIWG3QYmH9CWK43O39OKH9Q22KGHC6Y1ga3QK1i5A4IH-86acGHCm6KGXAYa1zAKWIYmWI6X9et84Io2W1-82KI5AmI59eH8Z9OIHAWG1xAm2HAm59A4H9CHCM5A3ON8K6Ib81-825e2Yam2HOWLeaIm5AWInC1T-85PBAa1l8He6K5O2a4WWGW24Gm3eG5EYmXCoZ99C61-A39O4YWHV8Y42KI4YYHeGIK3g1V8WG1_n9v8HO199u1OHeH999eG,101.39
Puzzle 20x20 #78,20,20,GecaI95G1A9O1ioG4Kq5b3aH13OkYm6OHOHII1OK3X62t1Az29een53BK4A6YKe9G6283FWOCI6WHK9WGe_e3WKmmHWE6CeIYJ1lQ88m5YH5lW989Ke18a2AC99X9K6912P9f41-aAAKS9gK2x65I542OW21mu2He8OaaA43a12_5aHaQEWxA9H8KNGKC8H85I11WC548IIKeI4IaU4HAh-8HA56aOYOY8ICY9I5G82ZY6I3A1885OV4e9Z1a4K36K3KH-YoY31982eC92A5OI3K11aIS4615z4Q9Infm9eDeHC9W9I6Ka18JKC85CXKYYO2keWf2HaY6HmIHHZI53Pm6YJaIGV2a1W8TG613X4AHmCCC881o9_44N25XIemeKOWQ9IcGWYiYYaX,25D999A2459C1BB845DAoX9A43Ore6XC5OKaaW6K3O38t8Hl8aHeZAXiY2YmHAKaG6WGXF83OIX8KKI425_Y6WHC3eG7O6H9ec1_qWGmK5e5V8aGaHA4WIWKX99CaY6aWGb9f81-9AKY79gY1_m59e2462WG3u2KYG6IIYGX981zeIH9DS1_KaKGKN85C4Y1AI4WW6YGWaa5eaGaad8K5T-85eHOaXe3e2aXeIaYWWGZA39CY242K3x859u4I1A3OHOYH-Ao5OGa24Y6I2KK39CK2WIIn86W5x8qIInfCIYcK5OI4aIXAIW1QHCW5OmKYY61wY2J8KI5CKX9e5EaKmM3OHQIa1_Wa241kWm4XCWKK63Om4WGb9_2WN8YX9eXeHO1f99f8WHPeH9O,136.57
Puzzle 20x20 #79,20,20,GKIqaaaKKqG39U2CIA1EV2I824nC9WWK8HC91AKAK494-Ga9ICUACaee-931e33I942-1aWO65Y41mA8e3eIGem198wW9maIIm1yb9HY6YI8f1-1A9XEY2eW2Aea9YHHe9GY8eY2YH2TQC3YEe5WI8IK65AIO1OHAIHHW2Y959m8Y7C8m_YfKKIYt1WAXLUIKHKCGGHW494XK6UAXI18H5CaE2O7E525G9IHm8YICHeaoGl24XeZAZ3aK58uHXWcWq2imCAm9e8aW-22WPHeA82HY3YPWA9vY8A2rIGaXemaK99iOH1m8H82o1-HYHIWYAIO519CJKH-eIW8HG39A39SIOYeW921e82G9H33HXWCCXIW8Cb1K34l1-YJmYYm3SaUY6SGm5HYH164,259D999A5D839F839A1Et8a241Ema24KWHCI4HeKYGa1-8aIa3ve39e5-9CWKXCaIW1-8I43O5eWGXA4Y3ea4K6WI1w4IX999C1yMIYYXeI1Q1-8H9C7e4Y4WKKII5AHAIWK45eWHe1wcXCKnAH8IGaYXA59C46KYIYY24H9AIX8HEm2XleqKKIHx845OLF9eK5OWGY4Wa1O5Ode6aWG5eX9E43uZA2Y2aIYm1Aa65Aao1V81OHSKnCIHA4nem4q1QWM66YX9e2I1-824be5AGWKYmKM459UKWK1wa2a6HCaKaaoXAWm4Y24o1-eKYa4YYa6K2I3fAH-AIWGY2maKman9OKH8IWGKG24IKXCY6W666a246M4Y61_1-AcmHemmn9vemn8mHeHeGmG,102.80
Puzzle 20x20 #80,20,20,WHaWCaIJc5WdaIAXWYcKN4e9C21W4kr1XWYJKCm2HCmUKGHQX1229MXXw2mYQI88x9eU8GKMW1a5135eG4g58411K3KZHmKXAOIPCECAHCBmI3a13MCAmOI25KM16XCe2KIV6AGG7Y6MYIWFa4g8-K4GYOI5aeX4585HezGo8GA55W92CWHH9e6541HWXAO9HMuaYYCH1SYKYW1IGmXP59KHGHCbuKWYAz3a24aH1mO5Og6H1emKKGY2aN51WGl8992Ik9631Am5t84xWT4H6MYG8ee42l43H6Ie91r2aGH5aGAV51qH6eeXMGK9xXaZmOSY8GH1Y52qKe61W41aueO9aY5eHIK992Gxag924IH3X5OXaHJ4IHY8HH6aAPIIC5AmW3aaC2M9aPq1,2598399DDA1F99A385DAr859O2WW1TkG64KJeXCGY6XFA4HDCWWGaoXCN8XAqIWGt9ed81Ab8GaYG3AKW2LAWG2WK3AnA6Y6HCIo6nCHA6MX9OI4mMmKXCIGYHi26mmK259_3eGW7e6MKa1yI1g1-AWGK39eIYmGYW5e5V8MWGHAY2I46GHAIY3eWGYG3A6IHPuaHA6K1SKHA24I1OmMH9AY1AmoZe1AHzCI24aH83OHCLCK2K3AKWY2Ire241V8aaWar9Om25OHz81_1kGYXBe4W5A24t86Y39eIWN8I4KYa2KteGcHOK5CMWH9_X9SXCneG1eG5eWcYHC2WG4aZA399A5e59eIIW1V9ga42IHO3Am6a5D8IHAWHAmaHP99OHemWX99O1P99Pf8,137.02
Puzzle 20x20 #81,20,20,1XXAHA9ae4G1nia85aK1IAS1mGC8wWtHK4KH84-8EHA3aIya4AemH6a4VWW9KX2tW21h47H5H64KKICH88YY8W8hWJa6G_WIA3IcW-18L2_G9WIm518IIYA1OK4eKYYGGG8YoIV2T1Aa92c5MGVYI-I58h1WG9W585IAYIWO184OX1eIal1hg246Yl1OAAG6YH3YI8GSe2e_YG89AIu8B4AYOCIoDIG4AcgW8H1XY53QW9AG75GXKW2B-8tGIAPACaXPez4Y6AOa82Y7KO5OKK8C15289CaI1ILWm9KXI3aGKKOI4A3e129XHXXG1WinZAeKGu5XYN1aI4Vr22CLHWKmnIAY9-2Ym22ez8eenIIHe63eW14695KKa1AYA927IHYp24IbWO4va9X1,1C65A599A4247B9859A4aYn8m261w1zeKG5e41-8ZAK399yI4He3e6a1l8WIKm1V8W2r87AKYm2YH9CKW25eG42r8cIm1V8IHCac1-81g1z8aGI3eG4IaYYG3eG5AKY4W24HP9l8r8KII1fAo1_59-9A1kGW2a2K2H9AKIWm2WG3OWH99_1wL82m5V86HA1O5A3AaG1SY45VeWGaH9S2b8KKm39iqaWG5Dg24Y4m5eXD8IY4Ze43eW1P-8t8a5Be39OoHl8K65CaGWKZe6HCHA1O2YGWamaa19g1OaKX9CI2KHCa2YXA24I3eXC4W1PSZAYY1SHCHw4II1lh843gKGHOZ9e59-8HOWGHl8KKZ99A5O6Y4WG39A5AaGYYH98n9eHv819P8m1v99OG,104.32
Puzzle 20x20 #82,20,20,6H2pI9aI9ZGXKZ5HAae4II1I1A88IICm9mY_81JH8e2Y3oKClWeWaOH8X24MT7CI3392Hy8N2e1aezW1GaA5O6a298eK5Y4meeG29eHWI94xm95OAeNI35FOAmm5eoe85OmM45469IHJaXa6IOJYG93B65mAI3mG8rGYYeY3fO68AWXrK544I2Ga1AYe85mq9q81e5_8AG-1aYKHq6YX29o8I4WaDe5AYmXa185WXIeHW-A5GgWWu3598-2v4AHH6G9OJW1X96P8aNGYuWL9W8Y61mtaKm56a2AdeYeOa_Ib5C41o3AHW9I1YWnIW2mXmHGOeG849Y844KeeOWWI8-9Cex4V5HKpY3584lY2W2amWHX1aeaOY39x8Y9BY9uCm9W2bIaK2aS486KX,3A1F99999E265E5A59A2IIWI2582aImmam5z81QK2KG5Oo5Ct8K2a3eW624orEX9CmaWKd8r8H8aHz8GWaHAXCa2aWHe5A2XAY24a5AGaa1_39AXAHT9OHvCYXCHebAWHO6M4KW399AcIX9Ca6JA4amoXA6H9CmG1T8YYYHOqXC4K2mNAY24a24IGK5e2YXf9QWGKHx8Y1-8IYY5DOHC19P8a24IJeHAHOma24Y439AY1-AK2L81S3Aa1-8p8HAHOWImq24X9Oo4aN8K78L984HCW3x9A3AmaWKdeKY39l9i5OG1POHe4aaGY1SIWGXCXA43A242aYW24He5O24a1-9OHx8tAHApA6Y41_Y42WI645OWIH9OKmIt8YIoH9umX981P99e19uG1OHO,137.24
Puzzle 20x20 #83,20,20,2AH8YH542fXWGKIqGWW6b2T-8_1AeK4xIG699-YG8p44I513345A6BYG15IGfH1XaeGX3ea9Q8elWIe742YK9a2Gl2eY12aIYCKAK5X6gp5WaIS3wH96Y6WYCHWXCGGeWXI8mAYK998JmJ69a_m2Xm9aAAa2Hde8OC9A61mYyaeH2-KYaXG4HO9e1P1W4-41WGa4mIt1O5mCAH6HeWDAKu6CJ12Hce8miCAmXG4bA4eAE4hWm3KIJ8IGKlWm4eL58Wle5F1e99mheGHeY49AGa62G91aZ8XH46AX5-231_Aaq5H5Yam3ICGaW84888OHAO4Cm4Jo6KbmaaClrHYO5CW58IAC5A3Z16KWG9I8Wle9mJGYeX36aHHnaWKRW13II9KOYAa8n2CKIq54,25A25A581DC2459D8246o1T-8t85eY1_a4X99-eG1UWWIYGXC2HembA24YI2cH86IH8XCH99f8Kt8IHSWG5eII41l85A24aaHCKY5e66LvAWIa7Orea6YX8KXAWmm24H8maGXAYYII4c3Q399_626X99AKIGHveG3OIHCWmHyI5A1-AH9C24HCIY1B8W1-8GWGI2X9x83e3OK5O5AWJA5E3OJ82KJAGXi3e3O4GoYGK5S2r83OH9f8I2Hl86GHgYW1zAHF8599ONeGYHA4IK2a6G2aGa783eG65O5-8m1xeIq5eYH9O6am4aWG244G6KYX83O1Dim5iX99CthAYmHC4K4aY3eY678XeGGII41leaXf8KK6mmI5A798KsWGX999eXeH98n8mH9feG,104.56
Puzzle 20x20 #84,20,20,WEaae24459iGn9W3XYH1bI18PW-5HAYHAYACC8TGGeYVaCaH58YayW9YKG-H69I45584z1119OAA5WGe6AW2YmI4IaOHmn4W_f2Ha22z764tWeOL68488HK5G-515W13KXHK1CxW1eWVGeKa6tHC92AAJaAw1H98GeOYW5G5o4943KHO5H5GeIIeSAY18-2mmeYX42yWHWm1BCegK1KaAmbHKt4ateIWOKm8A54SYGHmCOAX1K4_aO8128aH6yWGCeO5UA1X9G_9-GPK5H9Y6G632GHa6K5aGYJK4ei98DA3AHH25GeYY2a654KYI3K4X12qCauo1i9X5YR53YDYA9pAI9GG4OAY2XOH1eme7YWC91g9z9XeI4Hy8IUgWeHYmCIWAWOIv5WKAW42,2799A42459B8798665A4oI24o1-e5AHeHAYmm2r82KKt9OaHe4H9F8IHA1-AmaaG5e41l84WI6HAKWGK3eW2Y6a2aIXA3uG1zD8YI41Vum1x8HCLO24WW5AK1-AWK246K6YY23x84Y1_WKKa3xemaGKHQIHh8KaG1eXe2KG5i2a26KHCHeY4599AnAYW1-8mm5e624p8Y461PCKLAWH9AXBeHx8IteI4XeX8HA1EK4HC3O5OWK1z9C2424IYmd8W6KXAdAW6a1x9-8MHeH9em43OWGKam5AIWKcH85B98c5O5eY4Y2KKYWI3e2HAam58X82q6Ini1P9OK5RAm5fA59yYIIW243AYW3OKW5CKZAW6IGL9x9OKI4Kd8adgGHeHOX98H8X9veWHeWGG,137.41
Puzzle 20x20 #85,20,20,2AH369PYOI312JIa33en1Ce8L49Iamz19H4Ie3HGEa6YE6m6HC8H5IW966W9AYe9AKO1DYGYe5-4AwmX3CXYI94GI2KF3e882Keib3fXYe9-4JHH3HD341A11IHHCmW45H2auYeCx4W99Ce2bAAIeKH1K492eU85Y8uIaC59KKaoaQaCK9I5Y4848D9e5IaO9HX4mGH7KG-4eg41IY9aeI3tGeZI5aKYK4V571X9AnK8KY63K5mK4BAWA9I3Ke41DuH9oKI938W5U2HeEIX9GeO3GgA664LV49AGieWmAOHKI8OL4IGeGP9K2OIe6ee1X5YemYY4YeAKKOm455CK8H9eAbO92HeSICK8WfYHEe3e3aeOIa9XI25l494PWeXAf2Kaa99Ibp85K2BX,1A5C39BA39C41D99C65E4mY2L8IIIXl8a58aYmYGZ9CHu63OHOWHea2a3O4IKY59eHO1DA25e5-8Hk3OXCm59982a2Hy3eWG1eKMbCc3A59-8Je5O5DC4WYGWaYHOm2WHAGa7eYXl84Ia6K1BAH9AHeWH8IWKd8KYWn99OH9AH9B9D9OYaIYK2421D9AH99Oa5C4m2HSY1-8Hg24I599eaXl85SaKaK5AGtAn839e7eGYYXCYYXe1PeGH99O5eG1DSKaMH99C225F85e79CaWYXCWLA6X8L_WIY1iKWXA6Hea2mL8aWH8MIYW39AmK58XAHe3e585eKKK3O4HeXA4H9AKbCa1eYZ9OY41DAKZA3AmaYX999OI25x8a2oGHOHf8H99999Pv8He1PO,104.90
Puzzle 20x20 #86,20,20,8u5IaeX9K7AeXeKYHm8e9QGYH9Ke39OXY4O36eCmHX4V4KI6Y2a22EIHKAHXAGYGF1mKOXtWKtWOHq24CqmW9GHm3A91XA12IO5x9XKaHYeKH9925IzWA6Y5YWmAaWGU2WKLl45GC3K8AxmeW-AICA9WaW9WK3am8W85ce1I2eOO1V4e99IggDi4m5456e53HHCAXX58H583a5KCId685aJAee69He5AeXq38G4I26KHC4GH25eDG5X6AEQYHxK6A9WJI1a583I5GaOY82Can2VW3mL72xCK9YCKKH4xM1YOqWG5H4uA3O5GKY1G92912a2-WW4aa5AI16m9bSmwHC192FK2KCKFII3315OYSYmK-aO5XaIC5GXIY58aW36W189J56eY9K349IU8,1E599A39A7A5C5A5A61Aaq25AIHAmImXe4m6mK3OYX8t8KI6H8I42Z9eHe5OK1eGd8mHC3x8HV83Ac24XDC4aG5CXAIG3eG4ImH_aXea5eY5AII2H9l8K3eKY23ea24p8GKLV8YGXCKWHVOY1-AI3eaWI4I1eX9C2WG5QYGIGKXC1x8H999gLDi1OK4KXAY3AHC5C3AGYYW39eYX9FOGKIcYY5OIKHAHA3Q6WG4a2mKKm42KW5AJ8HOmK7fe5VeXAa2qa2IK239eWI6YWG39u1_4XCLu1VO59AmKHA1VB8YmcW25eGZA3OY1AKWGI4I4WI1-824IIHAI4m39Bu3w5OWI4pAGHCKp99O6G5OKZA65-9OHCaa6H86aHe2aGmmWG19feXeH9em199v8,138.15
Puzzle 20x20 #87,20,20,CHOCaJIP1m91HaOGOeInoXeCI11a3HOHGmeb63I11aG8POV2mq9YOAeH19x82NGI96w153a9K2U1aY8GW-2DY22emAUH2l1eH2lHQ2GGYcea28YWaCA912r2KHe6YG5nceGeYKOO84Y4Y8IK67244K5Z4eIH_AY4818aO631-G2IIQHOYG6KTr2K6K98aGT834Y1YMaEuWLqG2GACa4-GAAe5WaKI1884kgHKOa2K3Iuf4K4XJXdcHG2aXHGOAAaamyeK2eCYt9e5b1lXQ8a15X2XK8HK82C3aA94a5Y8t5P6t8eO1Q4Iaa4eHGkGaH1HmI11B5H5H69ImI9411aiWSW-KeYWH6WVWmmvY5m4I4WW46KmIHGGH31IGU11daBI9JaaOKP9JDIy1eW,3A639D9B839859C2659EMmHOa24I6K6Y2XAom6aGWI41i6t8mqaHOHAKGat82r8aamN8YX99A4p8aYG41-8cY2WHCHFA1z8He1VecGWGKJAa4WKGa6598WN8YHA3e2KnfAW5eYm624YGH8IHCn824He78KaKtAK4244IXC61-82aIcYXeGmYrh8KXeIWI1w4mGK45B9SZ8Lf824K6I1-85eYY4IYIW244rgYHOaGY39Sq2KG3Q3vfe4GI3e26KKaa3vAKGHC5l9AKM1_mcWa2K6GXA4YYWG6maKaGaKY1xeM6t8HO4cGaaa1eY1T8IYGYmI42beHeYX99CIa24GIM1u1-A5A2HC1l8m3vA5OWI42WGm5OIY2WHC4I4p81v9P99f99OHP9ff9v8H8,105.21
Puzzle 20x20 #88,20,20,8Yn3OaAK6HAYaHCW3W11J9XaI2OI5GzImmm9ehz1A69mAwGG6eGWaC952GWIH1AYI1OYX21x4IWGf5Y3AHWaCGxIaa8ICO5-8YY6az292M8HoWp9OA5GZ2X6GXw1I9OHY3I559aU4KGKfK26S1cK66HCY3We9Ym6X389YAC1I5H9DAW9366oHPCAm3a54OHQ9IXmYeeH2eA2XHO5_HXeC3Ca2Y6AMJW4CeY22a4aHmGY-WAWK66lA4Im9H9emmO5h8mgH8H1IV292eBaI51PWZ8Y4WIH9u1mCA33a9K8WIKexeIKG81YKCnHpGKG-2G654BYmW_m5iK2K2mY1T9LK4G9H5e4A9OHmKIXGW8YKY9zEA2IX6m5GYW2YaalnG1C2AmHJIIIOAdJI484,25E639A5C5A59A646224qamII4maY1z9CmmaHTx8YX9CKr8W6KW2a39e2W2IK4YYa26Ym41z8I24JAHOYY4Im1_IIa2a66H-8KHCIt8I1iGKo1yamHeGZ8XC2mN8Ia3e5OaY599F8H8YJeG6n8Je6XAm5CWH9A3O3O4aHA6GaHAIcY19C3OMHiXA6mIY46KqII6XAHeK2Y58mK6H_YmY3OmI2K3eMq24XeKWGI2IHC2H-8K4Ym3xA2a39AIHOXCHkGXgH8KGIt8I2HP99e1iG78K24a59uG3OHC399AW2aHetea5824HAXEHF8K1-81CYGbe61zC5PeGYGXAWN9gKW2aHeYW59C5O59OWG2KY59_7A2IXCXe2Y24599_n8WmGHOHf999OHvf98WG,142.99
Puzzle 20x20 #89,20,20,meYoKeaXHaB212Aa6HieBX4Ym2KuHX94lN81aCIWY18VAmk6WC9KOHGX9ea5H826a4hIm15KE9AZ4ap4ml2GKGA1avHC9A8155IaY16Ae6GaI5eaYe9zm3KGGHe8eIaaYCma3AW1Ge52I8-gemgWpXHH9EI291ym36YW4HXH1H8_288L-G2ILIZO89e3C14KmIWA2Gx8X48IZHGS9KIeH6AGYaKI3Y58W5A4l4GHa4-Y4mmYXXYezAOHm4CD9S22xGTgo59Gei8AHOCHee11H24e4etK2a12OH49I31eHKWIHYWOeWxa9dWA5IVGa4aGW52YCAOC1I4-99m8A8-YReA5eGa4ZG1846K2D54GKX8u9Kez1XeHfH4a635gAaH1ZKWeamnW1bomKI9X,3A5BA59C59B82459C5BAMm2Km2YZA6I1xh8Wa6IGYG1_5CNOGmIHCKG6aYIKK4WmaWN9C4KYZ9en8Ip8Xl84Y1eGade6IH825AIIYGXAHC4aaKYIK59_3OKG2HA4KaaaYXCImY2WGKY4I1-gYXg1UXAH9SI2a1vC3OYGGHCKWK1V8W4L-82aL9S64aY6X8WHCaWYG1x8X8Wane1uI59AYXA4H9AI3AY245A1x84KI1-A43OK3OKKte6HCGXf9SWGt8NgMYaWHiGY5C3AY58WKWGKWKtA4a24mY4IIm25e58aYYGmY1x99y2KH9x8a2a42KG5CK3O2a1-99CGY1-es5eYY2I4n8WG4XA1QYG4Ym1EIKKt83A5fA2I3OHgH9eGneWH9On81PPOH99O,105.81
Puzzle 20x20 #90,20,20,G6mKa9i52v4OaYef1W249KZ8Wm9e5I4m1k69IlHYK19W_5YOEKI6IKAWOCKPsWSWAW9bW9emGKO99C6W2A98aGG9GCICHn9bW9HeaIGxXkc2OHZmHmV43m3XYCe2Y5OYIaeGC1W2GH4IiYEGYMmWIZYVeaeIOl8YHOGWtYHI9YH111WF358Ya5ae1Y5113dMGbK8xYOO4-4GaGGwl822aI49WWecWW1K9i44KWOeZW1HI32HOaD-GXo4-8O325l18Y1xY8e21k42KaA4-Gez1545n8WKIK1A51mIWKeGImO95OHqA2Y8r59a4452YuH43e9nev25W795zK5AOKew5KaGHH31HW5A81mI4HWe66IH9e3IXnae97W4x58A68nDW5mm9a936KaAeC5m,1C6599BA1F839A5D8242aYn846IHeI1O1wX99zAKY4I1leHO7AI39AH86XAos1SWK19iGIHO2HCaI3OGWKa2a24a26I65Sab8IHAaa1zCrf8mHumYXl83O3OYXAWYY6599A26GWG4K4IM5S2Kom19EH_H9AaXl8KYmW1xAH99eKWG21y3eGYI59AGHA24XFB8MY1VA3O1-82I21Tx8WGIaGIWGHQWG2KIMW2K265u24H9C2K39D-8mM1-8mm25x84Y1_KWYG1kGWH9A1-8Hl8KWKZ82H9eG5A46IWHAWIXCaK6HDA4Y1wYII44K4KZe4XeIZAp8K1SIHxeYYXAHk5AIGKKX8Y4HAG1OI4KWKXCIKaY39Cn9AI781_Y2YX8nf8HOX999OmH9eHOHO,144.56
Puzzle 20x20 #91,20,20,m86aaMae4aya63m12YeZga314A25X9G9IQUIHmH86W21hHeCYIeHe2m8mKH9n9Ue22OenIm9C9aHAK9HAY9A4-W8G58Ae5OaI1Nzrb2AraA-49IWl78HA1418YH4GGXA24HuW4KKHWfA9X46I9YI4a916H6WHMA829V9O8emwGt1Oa6eJ18K942W8-8YGGheWIeY8Wt1m688A2wYt814_GK9vkKKiY5ym4G6W8X5WI56W1I16XKXM9B2KbKxIK98H4I5H4e884aa6H423HWV9Yu62eo5IVCJA1HY2KaY5eY9o1KE2HKA8leHomYO8I8AGYKG5O5gq8WHWa5WmPIKI5OABe265GAG_4m9O2IY8l2aK3Ca569UCYCPY14fCIqG2eYX9CWH2334oFDG,38399B9A19F9C6641A5EL9O24K4HCaGaaqp9AmYGX824reY6Ya5eYW6G6HAI79ve24mHua39OaIYHAIKYH9A1-824Y2HAY6II1T_NB8HkI5-8II1VuGKKWWGWKH8WGmYG2HSWG5eY1DAa64399AI4Ia26Y62KbAGWat9O25Or8t8mImKqW2KaWG21-8Y4WNA4IYY44t8XC22KWNAt8WGt8KIpheKbAHvCWGmG43eGa5OGGa4XCHCb9B85i5V9ea258aYY2YW24IaXeWG3e1x9e7O2KMH9zCq585A2H9AHAYIoWHEWYYY1lAHPC5O2IGK2HAWHCKLQWGK2aY46MIYI5O5iYW6H8Y1z8mamGIK1z8aY3OaK39UXA6bA24qX9f8GHeX9OWH8mm1Pvf8,106.16
Puzzle 20x20 #92,20,20,WXaIMII6XICKe4eHHMImHAJ1Y6CG9mV8AmWSY3mXCIeCcHHIa34GKXIae48NAIHmHe86932IMC6Wem2e546WA397KAmI9YAeU229gyIIg8H91VCCe12I4-A2e8WACYYOW4WmeA95GrWKYGx3KX3BI5cO12GX4H97512Ia1iA1Cmb4-axeXeH9feIQY4qAK58Wa486ee6Cme8Z1KO6KACM25meYg2HBmeYY4l1GNueeGc6WYX3Y1I3W4WI2443YHOeAW9gYWHG-A25I1Y59KK9Oh422Gj2w9OI1t5HSIOWadWH-HHGK53YWeKH8KfAIY8Y5GAWAO9I39mYOMW2L129YOuWYW66QAO885zWg-2OCO54m535CHHu93YI1WIe42yIaB9a5XI33I6H9IX,2399B99C39C5A25A5B9CKHD8K6X8IXl8Km1u5OXCX9e6cYH99OWGY399e21k59emKK239C19PO625OWKY262YX9SKY399AYHy24aLyIIL8Ya1VO3AGGa1-e4YW2Km5Am4WG6KH9e1kGYK1_3e3Ob9Acm2426WH9SY2WII4MY46mM1-9_HC5eIJAIqYGqYHeGWIWGXe5C3OKGn8KXCHA3B8K3A5gWHi3A5e1l81TSKY1Qm4HC3e4Im24WI2WWXAHCHe2aLe2K1-A4KI45AIY59Cr8W24s1kIma1ze5SIm4ad85-eKWKKXAW5eY2HfeaH8YYGY4YX99Oa65OM21g24IHCn8K1C6cYm4WHV8L-83OXA4XAXemKKZ9CYIWWIH81v99P99eX9OX9OH99O,145.24
Puzzle 20x20 #93,20,20,G8XKID9132aK5mHJaYGYfam8CY5Y5A6MmYI6WASX5C9KBWv8G1ZY84l8oAWagIH6M1W-2XHG291aK5aZAAH2a2WK5IXG_eCWI84ehA9KGgmHIaeAeeaKWT_m2XGeHX3i4YIXMGCXHT249IJAAa96YmGe7CI2AW6GEAX15iX3WCKv4YeF4HHB5I8H1Kax45W2HX2W3AmXeWp6AY2WeCxWK22tCaGIemAH2UXY9OGYVOACmLIEXmAH9eaK5uAeGY91KO45Yn45399mIY9aY1-eAK8GG6Am8a3COa2aI92WHG-G5zYa4GeI5YCIIHm3e4emGG12-GVGG1t5XIA39PWKeU2WKDWa1k2XI6YOAHeS4h5aK15amaGmWCC2IXCH8ea9aYm5nIA5YmZYWYIO,24659D98619A5C5D9A1Aqam2XA5eHA6oXea38K7OYX9AM1y241uKG1l8MYWIL9AmMW1-83e24aGaKH9SY5AGaG4YH9O1ze6Wa22YrAIY1g6H99AY5eIY1TVOW6GKK6mM459Oo43OHkWGaIcYYIamY625u6I4YG64ZAmGKMm64mKp8YHv8HeoKI4YWKat8Y4G5O243A3OY1vCKYWWK6t8Y41zCIGIK3eY1U3eamG5_3eXCL9SXCHAIYIHe7AYWKI4YX8YY78HOII6aKIIY1-AHA4G2mK619Omma4IIIWGK1-8HleI4259eY6IIHCXAWHC2WG1-8t841_HOIY39P8YHF8WKcGa1kG39OHO5A5S1kH9eWKa6aG6G664a6mYWH999eXen9eHemneWH9O,106.20
Puzzle 20x20 #94,20,20,3I9Y5ICY9aEKII6OiaaeAW8z1995C93Y6856924WK3a3OACYGc1a5YeY4HVEmeuA4Ma95ezAC4o8415GWOY2Y6522H4Ge3IWhIKa5AiA2eIi2I2S6NG_G4e6KHz15_4eEab588AWepA4q1142WIea9IYK_11OeU1E188ragCYC5WO18aImW4gK6y41B4eAAoCu5D6I-88YeLCG16MJ48Le294a89Q456Gxe6Ke81eEHKIB2e2eI5fYIIX6SJKWOmeCKL21421395Ke9HHYHA56CGW-hr49932yG8AC9B8IA28115S1HHK24_8Q54GK-GGBH6XMYa56r58W4oGzHGZO2e1YXm3ma3Pai8WAXGA9YI3XX8xaaH9XW39I_KWEa9aK4Y48aJeH9M8We8,399A59C599E599C3B99AK21z8aa5Cam5CW5OI24GY6IXCYXeWc2aY5e58HzEmHSY1P99eKtAm1i24WYG23e4K3A24YWGHCa2r9AIKHiY2KIo4I1EXk1_24HOY5l8Hx8Kn9PeGWKWHvA4qWG24Ga5999A5l8465v8Z842r9gXA3A2mWGaam24Le6p81P8KKHPC7ec39-8W5eLO246bf81gYGaGIWIc1e61_Ym5A44HSY59P8KWH9eJeIIXCnfAW6m5C5g2444G6IKY59AHeHeYXCG1-hh8aIm1v82K39B8IY4WGGKZ8K5A24t8JAG2H-81BAXCMYa5OreG4GM1VeG7OGYWKmXCX9Cb9iGWHC4YI59OXC1l99ea6W399leGn999e1eG19feH9P8WH8,145.68
Puzzle 20x20 #95,20,20,O9iA8I5H13aIbaI582DC924AI6hWXC18WAapAIX4WtGG35A8GYG-H982mmGmWYWnYDv8l151oG-e59vK2T2ea6Y3GK6aW2Wa4325K-KO3584dYWpM9mACEG5K81YHa-WGe1WW9eCXA6Aka4HAY28lgG-22I6XKX6e2Yi2AA44154A3OcJH2HHaaYK2-ae3X4CAH2KAN1GKAAOAW18I5COCX5YW-4EC55P2YJ7YqI9L4A98HO8HWeG991I2X6e6IKe61AE9I6AzH92HH9CX5B2haXC6n1a46AWT_4XACeCKKA92aXXILC981HuH5ACY654HAI9I8eAm9HHY8ICO9aq1a6XnA6mOC48IaC66Cm6XOAHAaO5WalWWeIGZmHAeuH29m3IH25Ip15eHi8,39BA19A58399B99A41DCI4GH9Cr83O24G59vAaX81x826YY42K1-Aa246m262K1uHQp8t8YGo1-eH9yK1w459CHOWHCI4GWI1CWY5-e6XA41Fe1vB9CKXE4KYWGYH9-8WK424IYXCYmYN98K5eG1lg1-8GIXCK3OYG5iW5A4WGKWHC6Jfe2KKaa5e1-9AXC4XeKG5Ar8WYYY3AWG4IYXC6XAY1-87OKKMG5fEHQaaL8KIWHCWKWYWIa4aG6mYX9e5O4YZ99O5zea2YH9O65i1h9O3O78aW6Y1TV83emY3AHAIWIXCaLOaWG5S5AHOHCK2HAIaaW5e39eYY2I66aaJ8ImXEY63O64GIImmmXC3O6K5eImKGat82KI1E3eHene19OX9eWH9v8HeHP8,107.62
Puzzle 20x20 #96,20,20,GDHX5F2HIqWnI12369DCc63XY813IWIHaYmm89U1K3YA2YeeO8x3G8Aa8I4H5aPHKAaAE83D8-HWVWdGeeGX6CiYYa49624CAm1M8AIHY3eWO7eeAaAX2AH2XKDG41lI6gWeHAaY8p1C5AKNWWAXKAAaC32r2A55eC66l4O39KGH5T8wGWGeeY2K8WiH3aYkG88t4lC1Y4Wt829OA1H8eIK1Y5CagCnmH9HHf6_412V2mb4HHAGIWPeGFC2K5JWh22eYM9mZeWH2KYe5Ga19GQ8u85Xa8Qe149GWS514-KYQCO2xWe9u8e-K4I242aA21A3mC86IIZG2zW5cKe2KIObI1VC1XaE8eeWCCAz4Gd1iI2Y5571L4e-48K6IWAH2HaaBe2C9e1KIy82C,1DA65F859D87981C39DCc6mmYGW6a2aH9AXCGad8YmK58HAYm1_642Ka2aWKKabA5AIHEWmq1-e1x8d8YYW6m6MHeI4a6WG65OWMGKaHemK23uYYH9em25eG3ec241l9OL8KK59A4p86KYHw4WK3e5eaXC2r8HeKY3O3x8XCIY2Y5k1w424YKK2KG1i5OIHwWG1_1_6GYW1x84aXA4K4H9AWHemILC7OYa5AqXl821V83B8KYYWI4oY1y6WK5QWN8GKYMI6nAGKWYHeY4IWI4c1SWKmI4Je24I24nAG1-eKcXC1x8H9u2H-A4I2WGaYG2Y63O2399SWGt8HQ5e2KImMI1VO2X9EWHA4m3At81UWMIWHAHEWL85-82KmIWHeGH99PeGX9eWH9v81O,146.03
Puzzle 20x20 #97,20,20,17Y4K645S69p92KqHWfCa3AeXapaGYWHYY22F5mXO5Xm8O869HG6HXCY2HmeWe3KiYC7aOr4IemeG11A8-99mHIaIXKHeY3KcG-LD86CY6H4a3aIYa1CHWAWHWcK_23D4yKaKYXe92OYaY11GamH8eII6AOca1AX4eHmHYAf155HmeeCgWtAP3KDO16HY83OA8paU1eSWK8gH5AO8cmC5e1I41HHne8151W35aH38H6HO2IWW5-WmatGeXKih1CaA5EaMWeIY3mI8IG45IH5598A25H9Ha9a4_G-aaXl2H2xQ9mm3c6aY4H41YW8AOIG499eX21AYG1eC3a1eGl8aXO41GN4lGu6a15AIHK6YX5U9_m69GYeAtay421N64X22YHO9Y8eWuA2C9K8,1E585C25E39F985DA1DCam5eX9yaGKWK5eW1UYXCXAXC26WX9e2Xe63AWHOY2KXAoHC79CN8aHOK424K1-99OKaaIXeHe5CYc1-gcG63eXe4I399ea4mKWKGYGcHV86c1UH9AYXAa4XAIYGWGamKWH99OHCqa25O2KK65e5f85A5C5eXg1zAoXeq6W65e4mXe1F9UW5S2K1gYHem1fC65AWIWGYYnA4GK243AaYm4HCHC2IG25-8X9z8Km5Ph8X9e5SIoWH9AXCa2a24H9A5ea2K2K59AIaa1_1-99Ct8Y1_qa63OqX9eGYG2YWG5OaGWaaHOW25A42K3OI1e1l8aXC424r8t8nCI4K59eHCY6Yd9_XCaG5e5_ad841kmGmGWHeX9e1eWneGX9eG,108.08
Puzzle 20x20 #98,20,20,1aE4YICHa7EY4CaF9aBAne39GaA3Hm4x485418IWKHMYWw8da132H8GG2-1o8XKK4rK8ae895-eGIAAHOeeO98OIe5qHK8IHF86AH1L8YC5XmI5C98AKAIKGK1Wd25WHXHe2Ofaa1OHW5tGaGt2IAmIHA5HeWCKS22XHeamaXnI6o9IIU5BKL3HOI8Ime5ma4Y9AmI85YmAOA4tO9I9M591rmCCAe3Ka4511YXe26G8Y2H4u6eH1Ime5-G2-WYm45i35m6K3OXI82WA8H2V1CH6e5eLKY6eX1Kiz85A56KmR54EADKKcY68YmWmaI8928AaYYB3e1a94QtAfO6uHI49KO4a5Y85H8WGGIWC6Y8Hm99Ke8YH7AYOGk2LpAS3J25Bp4m4neOff2W41,19E459C59E7A439F99BA7ema2aY3emGt8GYG24IGYHBe1w1UI1CWK24G1-8MG6HA1TeGIY4a5-A2aHeK3eHCIW39AKqYYWIHv86YK1g4HCHCma5OI4K5AaKGY24p8Y4Y3eY1Cqaa4mY2Hz8I1z8IHCIYYYYY46HS2W3AKa39OZ9OMIIIpeMYLCKma2I3AHCaGKIHOaGKYXe6Y1VOIIabAa1TCXCYK3eIGYG2KmY4m2WY2Y1SXAK2I6K5-81-85O4HPOY6m5OmmaWG2YGY1l83A6KYHg5A3e385PV8HeHCKmsK1u5QHAJe6WHC46aa2aGW59e5PCKGaI1fleqXCnAa19e6Wa5e4HAWGW2a23OY25CaIYY4Y5EK5C4r8LUHuXf8HPv8mWneXff8WWG,152.31
Puzzle 20x20 #99,20,20,1KYe5OKe85aa9qaaH29HD4-W3OKCCe9C9XK4z9Y5SeGaG4915HSYme2A222_We4l8ExA42hama6AWy5W19Wm51YWBA81YK6uX85CQeY2HWX8CoW8x2IeYKQ8mHVWAWUY5IC28WAGnXG8CXK4A94YCqHrICe594-2HeH2w54zm3e5WXCA5949La1K7I4951aHhXEeeuK62G4a24d533e3O45Ya4I8KFYe5WY5YP8IYH8KW9B35GKHOA5a4E4XI3D5HeIHBe6HKGK148le9Ka3eKH73JH3IXMK-K1K3WYYA2aeeKemH6A8GYA3emK81T84Y48I4WeW74YGIe9Mf2y5gFeEa3a5K9-8imH33XA712ACC8m3a4T8G2K98I3I4pIKYMPIX2YcIY2oKWJ8,25A5A65A25999D99A19Aq1-8mm5Om59Ca3A1V9AKZAWI42a45e7eXAGKWG1_GK1z8nle4WN9CIXA1FeG2a4XA1eGbAWGY5O7OWHCqY58K26W3P81z8aHA5f8XAt8Y1yHAI62W2Y1Em246mK2Ka25OqHT9OHeI1-8YHe1wY1zCXAY2665AIWIL985SIWa58IHwmnAHS5OW24aW1UYXC5O6G5AIWa45ve5AWKKYb8aHe4KGabCY45e6Hea1u2X9CcY5eaYoY3eK2Y241VAaYIm5e5S3QHOa6MH-AWKm4KHe2aYKHAXemKWGHe3eXA21w4GY24I42Y1E1A4I59PQ1vALvAn9OIYH9-8o3A3O65SW25O623OI1kG4GKIGama1v9eHPP9OWHf9e1Pe1f8,156.53
Puzzle 20x20 #100,20,20,C9IadIM52K999OOHGA9YK4G1W36aZK44eCCKoG188Gkaaa68KCxWeKmvGg-e1Va32JH3Ya257H1I2K2GXKOY5Y5OYH22dea2aC9G9O65mYCB9AAAa2SX3Y-13Oa2aI5G5XemOOOAeH92e1kWelWI63I296m3G_GX8KF4K2aX93P4O9BY581Df814uCMI9H3KXA653e8YKK-15YEYIemC6X9WemeL9YW2_GK61cXC55obiW63GYIW9GYS6O4It2O3e48UZCamCA135eH42HT65WaW8A3m8z49IWIaOIWW2VOKH9O3YWeZa84AaH2ePY2KZIX5KO8XX5lWVY699e59AOalW6Ai3IO1HaOAKGl83XmG1aCamIGKHX952I8GCYHae2A8Am1iiaWKIbb4,3999F9BA25999C3A259AK24WG3OInA42Y3OKo24GW2r999O4HCt8KHOd8L-A1z9C1De3eaGY7AWIWYGG3e3e5e5CHe41yKI4I6I4I3OY3eXB9e5ea1u6mH-83OI4II58K3e6XC3eHAaGK2r8Kt8a3OaGa3O61_1CW5v8YWIX9Ob8X9PeKWGcc241S3P99e3A65CY3AWKYH-8Y5S59A3Omma4HOHgIYG1_WY64JO65ebBB83O2KI2aG5um6Gat8XCKG1UnCIm3e23eHeWG5kXA4aG1e3O1V8II199CaWG1_XA59O6YG5SI24Ya585iH8KZ9CYHOWXCHx8te6aa5AaKX9V865i39OWKamYY1x8XC6WGama6I1AYX9AGI2GXeH9e1eWHO1PP98H9PP8,162.03
