Puzzle 15x15 #1,15,15,CB4481eA2Wp99KG9eIw2-W9I5Ya6zG8YmAQ11W5J65eW9gYmXrHcY86IYaIS25aKWK62KKK9H3WJ35GkmKa94ae52W8Ae19Ga6aueCGAhcHOHG2aC3IHAaa72AAtA8l6fO3AOKeMe2HWe82Iel1eHAGH62YqA95Y24aaI79aA8d7G3CaLYY41A12G86H9m5CAaMS9-IiIO3AAAI23e2aA11aqHGnGX99K,3B82425A21F99A4IH9w1-8IIYH9Ct82HC5QWG4KJO5eWILeXCNAcY1Oa599SW59eWKmGK5ea5CWc3A1k3Aaa4aYY24WKKGaGImaZe6GHwcY3e42IXCIYH99SWKHVe1VOc3OK3AYbAWK2YGWIHl8KKKW5OW5QH9AKWGaaaZ99e1U78m39gYY42K242WmH9CHCKIon9-9P9C6Y5ea1OK19eG19feGn8X99e,36.55
Puzzle 15x15 #2,15,15,1f9IA4H1GUe5aqea14CI3F2GI3482HAHtI9meYHKYA28dqWBm6M5H4-Wk25G884W5GKav1WCH4V4-eXAa4W22nI34HGa1eCbZ9Y8mHSmAN4HzG94G-W89491HC5G4GHaYH1qX9xqA58GYcafeceC2189BAtG9AK4wAeaYa883K29mCC9mee5A4I4x2CCT5HAeGJg-42kHaW8I2CKB21W11H2m1IJa5E86,1D99A1A41FA59DAa246I6p8WIm4W2KY5_aImKK5AKY41yqWo3ObeY1-8r8Y4W24GKW59UWGXA1_1-AXAa4WG279OWK2aGHCoZ9A4mHE3er85l8IG1-82aGI4Y6YWG2H9eK2q39_qKK24HD9fAq5OWGWabAt8a5A1wY59AaW4mKWa3O6Im5AKY2a1l8XCNeKKY2qL-8WNAaWGaW6Ko4WWG1eGm19f9en8m,43.04
Puzzle 15x15 #3,15,15,8E5vK48pI999B9HICG8i2h2WWG193mmCYD8Ha898wr2IIaGC9eOAJ8-1wGaGKXA482YS498494i59erxa42Y212-YYXYe28X5-IOLu8G5G-1C1AW2O53b22eO5WaYOKEamC8I4_T4IYI5IWA5l1551AYAIK1IHHXW5eeOHW9Y3HOWI591O5WAWt8Ki4eiGKKXIZ5OmmO5Y5CzG5Iu2325HA3Ym661XIZ2,1E5FA41F9999B9AamWGo1kG4244I3OXC5D8KaGa2rh8IIaWX9eXAc1-8N8IGY3A2245uGaGWI4MKIHT_a24Y221-eKXAKWWm5-9OLSWGY1-862YWG3eXB82K3eGaHOK79O64I1_N8a59eaG5et8HeGYHea58a5e6WHA5CK2aY3eX8aH98mY4Y1x8HP85i25A39uK3O63AYY6t8KI78X8HeHOHOmmGX9uG,46.05
Puzzle 15x15 #4,15,15,6I28541Kb222AaZLe8-G5xXIF4U115H2tY9Y8a1m5K16L9G4GVCCAHAWe5eAWK812885CeEeYQ5SmlIDKIHLYLGXC4G3AW98aK1ymOYHaNa3e2r4aWIKA8WAGeH6XAFW2m9592za8MD6aaCOIXcC5W64H51G1CaCZqGAK1a4YalY1A6GAOXX1lOLHWG-Ay2cCaq4891r2WG152HH9389JGX9IIID953I2,39825825B84259ELA1-85zCId8p8WKY1VeIYWa2mHAG3gIWG1VOXAHA4HAKK2K24WG45O5u5AqYnCt9Dea5g5g4m6G2XeGa2aY1y6m5eIN9CY1w4IWaHe42KWKY3O5v8GX9Aa1_a1PQX99C39Cq3eGX85AG24X9OZf8HA2a2H9zA45CG5C3O1zCLAW1-ed8cX9QWWa1T8WGWKWK59O19f8X9999f9eX98,68.33
Puzzle 15x15 #5,15,15,8vAYU4HHuWAEGfA94XY9Y8OK4aH9Hm4W5Y5LpWYYKaaK4Ww8mIH5XvGHv4x12k13Wa3XK2X3GGIlIKeYKa9SYA4ea62W168e33I2G19e6YHaet4XSIIhIG6352A188eI5O4-GmYxAK-949e_G41aYEH8a4W5AI241eg4AH6N8HGIe1BLWl15493G4-4mne685GfuY355W49XY9Yx5GW3YOHi99aIm6W8W,1FA5F85A785E1DAaGmYIY4mKWaKa5OW25AKLv8Y5eaaY42r8ma5A6p8Yd8t82r86Wa6mKG6mGWIt9eHeYIa7eH859OWG4625OmaG24a5C5eaHx86Z99waWXCY4Y24GYIHC1-86YtAH-98IHl8WGaHSYGIWG5AIWG45g4YK6N8Y4IK4bg1z8KWamG1-8mZe6GY4cZA3AYG19OYI5_YG1OHOHP9999OmWGG,47.92
Puzzle 15x15 #6,15,15,25K6aCHaMaX45a3xWKACKG48KYXH33WG9c2G1t4G9eHm5G9YYvYHK_WSa1YC5mCI3YAK4I5A4lZI9Ga4b4HYXCK29eW-WcOaYeaM9CGHKJ189ImC6IAe5GK14KzKOaH3I4C5QS5mG1ee1aWKfAOHISY8GW28-1xK8I9WIgIx9OH4G8IHXCEC18aKX8lWW15O51K2QI6eGI8-1XHY1e8FDI4A9B5KH5mnY,25A39C59B9C459Ct8KKXe24GYYXAXCWGac241_24IK5OY4aYHy5eH_1ua25OYXCIXe5AWI5e1zEIa2I1i4HAm3AWaK1-8JOaY59P9OGYYcG4Ia6m39A5A2KGWHlAmaHCI2m5QnA6WGHe2a2KJe6H9SYG2421-8tAGaI2aL9z9OYGWGIY3OnCW2a5C1V824HOK4Y2qaXAWI1-86YY4K1vf98H9PeHeHOne,68.58
Puzzle 15x15 #7,15,15,WqI9U1228HIaICGI82494-5oK9OFan5Gx9eG989oGK424gYK9DA88HaaA9AG4eeYICGg-GHD3OkA4B6maH21G5f4I14A2K95GfaE1d2GoD8WIX2eHYIAOFKWSItWzICAX5a4I24e1A44aSOo8K5k-8W5A48YWHaYI2G9BOA8-YAq2Ae18IAW18919m9eHe-I-19Va63aGO8Y2412u38K9HYoYeyW49a58,1D99F82425999C2a24WI1-Ao59Cd9SY1z9AGaGIo2YWGWLe59QY22KIIH9A4W5e59OGL-8HQ63wY1i639eWG1AqGIG2KWYIK1D9E1y24Mq24Im1e5eIY3veGZ9_1V9CY3AIGI24KWKWGa7OMGK5T-8W5e24YWKaKaWWaMXA1-AKcWYY42aYG24IWImaHAH-9-8It9O6IW62KWGWG7OWH9eHPeHv8199eG,50.80
Puzzle 15x15 #8,15,15,2Ha31DQu7Y81eH6fWH5A21OKB1-e62YXJm1yaCH69W5HeY3ee51Y2zI2I43COHYIGYC429HJY3IYHEGzAYK8e6CK5u3XG3H4O8-29a5XIQWx38IK481Y42XWGaK2KIYaAECArC46OKaS2aOA391XK74X9aao3m2K1-aag5YI4IA59xG4G5HAKAAWI4KK18CI_1OtGAVXYG-AmIG2C4G1GWeM2WG6HBaIC,259C1DDE7A425A6q2Y5eWWmKo1-AmGY3Qm1F9CY6IWKHAHOK5eGY1_IGa43O3AYa25CGWIHfe6IKHu1_Y5A4HC6YHSXC23eGm1-8aaHOac1VO19AWGWY24X8WIYG59AI5E6Hw623OKa78ImYmI4mHS1OaaaM3O2K1-99g5eaWaKH9x8WG5AKY5e2aW5A4G39l8mt85_3e1-A6IWG38WGWWHP8WGmHP99O,68.64
Puzzle 15x15 #9,15,15,G1paIembIcH2eB5g5Gn4HOaW6Xm6H8e12Pa242aaYIACAV48XelaUOeY51WKK26HeuAe47eCOGRr8AaeOAhGY5e9OW899KG495GM8GHMXmX3KI-WY2G1t46CAKeaCW4O9a-eWWaTKWXgK1u48G2f3628IIKm5Ho1GoHaIWWeeCI4WGzAWACG2-Ho9eK-G2Aa3gg8H4HKM2KI3OA5W2WJIY1SY98m9oaFW,21F99A3B9DA45BALeG78HOIW6mXCKGY41iI242IaH9eXAt8W6Hz9Um5A582KYG3eKZAYGZAm62sN8Ka5OKN8KHeImGWIaYW2aYGb825PC6m6H9-8KW24t8XCYHeI6WGX99-eG4aNA2mLA1E4WG4cXCWGIIY6Heo24beIa24KKmI24Gte1Am41-eb9AH-8WH9CLgWKW5AMWH9C3eY4G1f9e1uH98X9P9v8,51.73
Puzzle 15x15 #10,15,15,2HI9638KIXCXAHCB8GmA_T83H6_G6KCl2hAG112yA182IW4a5G3EWGMeX1-823KH5Y6Y58a3YWiba6XWWHan4l5Kk4GIO5BGzCX414H127q4HG43IaImI1Z24eV8AoY4AGYme6998WnamY1x6eI33eKY9K58YmYXH9iAs_W8KOI69eX8GYWKW5i4xXGanA2tY6K5A31Gm4W2Xme5Hu3IeY9HAv9aI964G,2599C6459C665A6o42Xeth8Xemt8mK3x8NAWGG1FAWG2aGGaKG678WMHC1-823eY5emHAWIXAWMMI6m4259S1VAHkGWImHi1zCX8WGKWG7Q4Y2WX999Ca278WKt8HPA1A4YXAmIaWG79CK1_6H9O6KY59eKWY3emH9Best84Y39OI5C24KWKWHi1VO19uY1ze6Y5e6WG6241OXAYHSX9eH9eHv9999OGW,69.05
Puzzle 15x15 #11,15,15,CIvGHCKC2IfanCXBW2Y3eWK5WW9mCAWK3Gl1H54K8N41NQYeHWI21nXWw1HGWHH2DgW_Gqa9-2YaK2w2teI4228GmmH3aK1148-9-24m9i9II8aAG898KV312dYmYeGsGaCeG2e91K51KIue1IH5CCmIz2l22DHI5y1YI88G1e4A54AG2Oam4LaGaS5m6OIhHIZR6emO5XTGXGX3aAWHmYcae4KAn9YmW,39F85C5C19D9E66MWGYXeW5AW2ammKWK61V85e2K1w41kcYHeGa24nC1w4YGWKK1Dg1_1f99-8KaY1k1VeI424WGXCY6IYGWG1-9-826aoIII19AWGaG5_m41UHOHA1R8a3eWGYaG5A4H9SY2I5A3OX9l8t81fAIHv8KI2WGWK45AGK24X9O2L98aZe3OX9w59Es3AXCHCN864m6aKWHOHf9eWHen9emW,51.89
Puzzle 15x15 #12,15,15,XW5MIYWOIHKH118Q5XmHSO3WtGw2KH8HXe9HIl1821-YJqH6GmE8129EGW94125e598uHXHe8Z58-YOXm8a9I6aIXKOAG9g5H9maKx18KH5GOICua7aGeICK2E92YA22aiKH8Wea4Az2H5aGAOH-1KCH6e2e2E8Bc81IAYPOZ9722W1A9e9eHG1H9GAMd494WKfJYICaK6Y1t1-KmmXq9925CKIY2WY9H,385B9A439A5A422Je3O5u3O1_1w4KK2K6Ka59V8WG1-ecqYmWXEWG19EWGaGW2K5AaG7A3eH8ZA1-e6m6WIII399OK3eGaLeH9OIHV82YHAWX9C79EIWH9OK1EI25eWGaMHA24YaGKt85AaWHCH-8KXAXeGY1u1Bf8WIY5PC79S224G59AIKY4WYIW5Py2a24Kqq59OIY3e1_1-eXCXf998HOH9eGWH9e,69.32
Puzzle 15x15 #13,15,15,49DICem8M2HPAmACI45Y6amAH2A53KY6ICaAOIYYZ93GwYeeHOImmo3HIK25m3KV9zWy8I9YCY94G481Ge2WO9AO3G4faM24eXHOHCa1DWW8I8-IKme2l83H1-QHI4G5aaA49mg9I25E4oIIX96HOKWeF841-K8e4XgGI9GAX68WD1-G1HA4A1F5AfG91aW6eKLMYC6HHA6y8A9X731ACYQ9a1AaImYe4,19D9C5C1B85BA3A6a4YYX9CKY4KHOKYma6IHCaY5ua61kKYYHOaXCo3eaKWKXCHV9l8d8IIYXAaW4WGWGYG1OIHCm41f9B825O5C5Oa2c244I1-9eXe1l8mK1-fAIWG599AWI3gaI4HS2b99CI6HOKW5v8W1-A4Y4mL8aa25C6WGq1-8W5e4Y1yYYJ8a2aG6Y5gMY3OKHe3v8YIm7OWHOHf998H99OHeG,52.06
Puzzle 15x15 #14,15,15,4Aad4128AGe9vI3_8ae5GkTKAAe5XG1IH6Yme8FCK6HAAe629AzG8IA74a6KCYG8IGWGCO44HHM2h-A5d8YYGAwSH8OYe4eGYg4zA18eO5m9G23XmG53C1de8A4e1l9IKeCe5WagSeAYWaO4HmaWxGHGO6EH8Ju99A4819naK2oWJIOAO9amOXK8X9YmXH3KXWaI81I3CK972I9Ir4GMyHWa9XmAJA2F4,259F84225859F9Ct8aHe1Tw5e5eKX8WIY3A3e1y6Y3e5A5OGIHV8WaHSGa6KXA24IWG2XCW2YYo1T-AHF8KY45TSKG3eYGKWHg1_YWWY6HCIW263OWHO61yK2Y4K1_II5A3eKWaLuY5eGIm4HOa1l8Y1Cm7A1QZ99e4WGIZ9eGM1QI3AX99C3OH86aK3OHOK62aI24amXAI78aaIr81Pve199OmHfe1v8,69.65
Puzzle 15x15 #15,15,15,WKYG8G4eIcI999GUWsW-2k28K9XH9XX61AaIKG6Q8SQG5M2IIC3EI3e3188eGao6Y5A83AYG2-g8Ak4I4dG55-GKaGEAaHAY9aKIG22YaeGAYHOG8mCE5EGAY6H8a21xAKIWeKLoAHI5CIGAmWzHGe2g4eaH91-88G1bAJWt2IO4AH58den25IWw2M2AYI6YW89YY2ea9tH8OCam3X8XIfHGEWE1m97H3,25A424259D99998p8s1-8r8W59C59C3OWKaIY43f8Zf8YM2aa3On9O5CG24KWIoXAHA43eY41-g4KN8I1v8K5-8YIGZeaHAH99eaWG2KIKW5AHC24XC7An8KY3e2IW1zAYaGK5gMHAIHCa2Km1le4KWL8KIYa1-84WGbec1l8Im2YHe1Fe78YIWN8M2KH9CYGWIKKWKaItA4XCI63OWX9fe1uGn8X9uHO,52.10
Puzzle 15x15 #16,15,15,6o1KH1WM9m8UGGYY29AF9aOpIiAIYKKKKmK42m44I211kh9GHU1fK9A8VA818KXa8GGG42eH8kYcHaGVAHN-56IU258eQe54l1224HC3eqAOa544GED49994WH5ImHI6oYHebG994WXYWt12XK621YH2h_49H2AYMm9tAbKGa86Y94aOI1W4WK5X5IYQCae4pC5J4YO31g9435aYC58AME3593eKHIaeO,3B85A41B9C1F81AKGa5v99Od9iH9AKY5eXA426WGa241wr985v8qH9e1zA4GW5Ca24W2245e2rAcYa1zA5T-e39v8KWKq5e1_WWG4HC6YcYX9AWG27f8aaIGWKH9CH9CoHAYb8Ia22XA1l8G6Km24KY1TV8IYG5eo39xeMYWI1OKa19OI4G4WKHCH9ec39A1vCYc2Y661gIG6H9e6KWHPumH9OHeH99em,70.56
Puzzle 15x15 #17,15,15,3oIeG5CH9J9OXaubW193a9WC5e8p28H93YgY6mLK9I1KX4ACJ39Ku8H5aOK8mIH1XeGf6fm3AKTIW4965KW945X1151TW-HXHAHX45IH53X4WeHIq3MX9YYuXX2452emI4ecGa89GwTHoa4aO562LW4_eW-8YHOmYKa-24A3GWGOXICC3Ga4WH9k2mAIACYWepZP6D4AOPXKAIWAWGGYAHe3Y5A8od455,3B9A25C59D9C39EMG4Imaa2XAY1UWGYIXALeXCLAIIWHCGHCq39eZ8KKI3e439eW6K1DOcXCKHkI42am5e4aGYX8WK1w1-AXAYY38H9AY3OWGHAIJOM39AHS3O2258HOIWHQ4IWI1Tw5B98I3Am2L81Ve1-8HA3OKH9-8WK6WG43OIXC6WI42YaN8XAI5OYWHFuMmcG5CMm5AI4YG4WHeHeXeHe1Pv8He,52.19
Puzzle 15x15 #18,15,15,2AOKaQU1118AY8n6I9G94a4T2-G9aWO5K1kG4HIueAYyGAO6WTWQaYYu455OEHe34-4A4I8exGAaO94YGIW-26XGHZm6m9C98Wa43A4N4KC8aCP1-I2aGWHG2j9S9mH45Y9d2mYaOYaX94kAmI318W2e33JmCH4eO95kvBaXGHY5U9KOH2mOeGmm424252oK1OLlH69x85eK95COHA1WAW3IJGC14MA6G,25C59DF82425A1Emaa2aWI1w1-8IaG3eY1w42H9SYHAp8K3O1w4J9e5S2KHCZAK61-8K2aW5x8YImaGYGa1-8XCG5S3OX9CIW2aG3e1kWHC2a6M1-98I4WK41j9uamKWK59v8Xea3Aa6a1kY39C224W5Omcm3eGHOa5Tyb9CWHAHF9AXeWXCY4XC24GWK1PA43gtAX9z85e59Am6KKWGH8X9f8X81PemW,70.74
Puzzle 15x15 #19,15,15,XHAda9caU48A39eI6288C5Y1ZG9K8K855D7A5I9W98l2HiW49A49I9ODWeaZWA6a6NG99Hm5O89oeuG2Ke9aW45W-15IeHYl899K-2219b36YI2GAE4K5ma32NKOHKB39X87534245XG6KIe5He565W4AcK9iH2HGA26DglG2-WGK-25_m9WH11G1aYH222We6gK8cfYOWIKP9IM1AXI951bI6S259aIY,3A5F99D9F81A39AImWG2XAYG78IH8K2K5DEHAIIWI1V8YoWWaK4III3QWH9S2HCaXh8IIHOHC2aMYZ82HAII24Y1-8YIKK5V8IIH-8GWIMmXeaG2HSWHA39OWNA3e5BOa61EHO2WGHOW6KaYHeHA6K225DAaoY2K1A4mqL_W1-8GH-85zCa4YWG4WI5AWGWWYXgK1fDAm2I5B99P8KX99e1P9On8H999e,53.10
Puzzle 15x15 #20,15,15,X9pWe5AI9aI5GWW551AWVGeaA8IY-8Y3YX9W5deG-1K98bI5m11411eWI988WCAXHC_TaXKY9GV1aWX5H11Xx4QGT1XVGIYAA2e48H1a4Y1GN9xW2c1eUa82m5G124G1G5h2OzLud54zm8-aKQ2G8KW9Waem32K4AG2YAApG5eXIHcCY8lKWe211IWi95a8x2WfLt66e82A3b8I2H4G265av9AXHe2Hou,39F85A59999A224KYGY1_259A4IH-8Y6HCIWHvA1-8KaGoIY6G244GYGaa241OKmHCth9CKYa1_2a23eYGGXl8q1kG3x8IHAK1AWGY4aGKG1T9x81Q25ya44XA4W24G24HwWXlg7vA1zC1-9AJ8WGKWI4IYXCWK4KG25e5v8KKX9ecXA4tA4Y24Wa1B9eI1_WGqL_6XA4G5CMWI2Y4WWmH9v9eXeH8HPu,70.90
Puzzle 15x15 #21,15,15,G5ImuGGSW1KFIXWlGKAa2yIGpa1uWYKG8CeY5emae18HgHG4IZH6YOYe-IX2S9zYA492V5A12CuKGIHXnO8WO59HHW21AB1I8eGHgGeOI1-28K19X5YXcC1YXHI1UezIX91AYEgI2I9X292IAXY92GWKICGW4OHK4I4xYDmixW_W1eAlG847n8KY1aeCb21KK35eY2cAeYmHzYG5AECaF18OIY5K2Y1X4,259C7827825F9C2t8YYI1yI1yaGZ8KYG1OKHe5OaY24HgK24a7AXAXAH-9CGZ9_YYGI1VAKWGXEKWIHO7OWGm59AYGW25P8aG585g25OI1-82Y2a3e5Oq64K3eI1UKt9Oa2YYngI2IamWI4a5OKI4G2KIm424mYY2a1zAq3Pl8t82KHx8W1SZ8KYGaHCo24K5CYKY4Je5e6H_YWY5SX9v8GX9eHeGH8mW,53.29
Puzzle 15x15 #22,15,15,GISX8Y9aKYIeHv8755Z5C84p4GOI88YI4L4_I948-13X91HO981IK69HYYK1GHH85YS9a93eGawzKO5I4aQ39I5833A1KKHWYmO318F8a5X8JK5LA9Im9abXWYGAu4_4Cm5AO8Yq7YOO2uK933e3x4Ga8aGEA29IuKeIIKAHY5IX965a3HnWYeJ54EH5AY83HGWH6bYe5WIGMaXYanC95H91Hq996O9aH,19E38599A59A5F87eHSY621y24maG4YI1g1_IIW1-8XCaGHCIWGIHCaK5eY425e4K5EIaaXe19wtAXeaWIqX99A43OYGHAY1Am6381v8IHC1QHALeII399BO2Y45S1z83OKHC2KJuYXCW7AIXCY3x82I2IW7eGIIZAKIIKKKKYI39OKIm5SGYYcY1SKK5e1OYW2KmMHeYWa1B9CH9SX9eH98Hf99OX99e,71.35
Puzzle 15x15 #23,15,15,144Wea9ImXaavA2D5-AC28z4589Ae6Ya51YaI4TGYA8mAf259O5eL4IWY938e6H64928IIG-4YH65e2_e-GOGaWHG21mY9WO1KH1-PHP8YXmIHBa1I82GKd1HWt8En5AGrDX54Ie856WqHaW4YW-15YmI5Ye12eMHaWrgg6mOCe5HWe4iG2HYue59OAm5-5eW2wXWa9OIL1W19HHWY8IQe1BGY999MG5A,24245999C399FA2q5-e621l8H8aKHOYaYGYIIWN85eW3Aq2H9OKHgGa259OGY6HC2a24Ia1-85AmKY1_5-8m2aGY4G2XAIWmWHA1-BAo4K3OI5B98IWGGKp8Y1V8nEHA1TDCY4IKWHCWJAIWWY1-8KY39e5AGGHBAIWNgLO6XCK5A2KGMWGKY7eKaXe6H-AYG1kmGaa39gGWGIHAWK19fe1P8H999P8He,54.11
Puzzle 15x15 #24,15,15,Cb56e3eX9d1KaHGM2I5H6aa1Aa3A95KHA3YGCOAmPm3AjgGAy8O6Q2K2vH48AOHA5I6Iegy4KY5HAY59m9aeG154AXCI65m9aIG3Aaw6nWAIIXJ6I9A18WI5419H8YHGGGC_aH5NHGeCKKYz6OG5d3HOOC5YWCWAOG982DeIXIl41bagK2Y2W1WzaCG4YOCGHSne38BKeYr8I9CA9e86aKHWCGPS4Ban1,3BA3A3A39F859A2MGIKHOIIWKa3AIKYHAm583OKXi3OKsL8Kd83Oc2Y1UYWGY3eYH9OaKLUWKHAKHAH9CaaYWGY45OX9CK6aaa1O59wXE1eaamcX99e24GaK24aY1eH8243x9eYre2HC5A5_3OG5FOY63OYY4mWHO4aWGqKI6It81B9gY258WW1_ImG25O6GKnE5CWMHA5w2aIXAaKWX9eH8m1Pu1P9uW,71.60
Puzzle 15x15 #25,15,15,8YK9EmKK34Y8YD1XX6K5Im3AA8AO96KKauOIS6Y1-8AGYeA81148YHKGiY3X429GVmG-oW5H4eJxKaeOeW2I2Kml4K1aemL2gA6Y535GaCH4a8x1XgK5i1H1KO8-48HA86SGICZgSGre28KA5KAaYCGaI2GH-a893CY9HBKAX4a8eBHAY12AYW93YOHY4IO4x9ADWAWeE99AaeO42884y9nWKO57Ce59Z,1A59E3A5C4585D86m3eKImXeY4YX9CYH9SX9S3A1-8K4YHAW24W2KHeGbe3O24I1zC1-B85e25QtAIYXAWGIW5Ct8KWIHOL8LA6HeXeGa6K2a1l8mLA5B8Y4Ym1-8WHAW6n8I3uLEWNA24HeK5AIHCWaIWGH-98aXCKIYbAHC4aG5i5eY4GKY4IXeXAYWa61x9eq2K25EIIYaK6G24W1v9uWHOHuXeH9u,54.18
Puzzle 15x15 #26,15,15,1CG2YA13b9cG5aCYG_54-W49G6K1KGGyAGAea6aZXCK6rI2DK3eKAGYx2aaGK5KWaG7BHYW2CYafGn9H3ICC3P5mGAXI5YfY8Gz88H5Wl684OK5XY2GG654AK3nY6OCY9A-AV8JK4b9Ke85u14aGA439KX9Y85Y2Ya2GI71IaWKk2aOC2-5K896XIoy83mHaH4qWpe93C8I4m6IFA8GKe99aaDI5Y61HK,1C245A43B9D859CY1ze1-8GIW3e4Y41UY45eI39S3OY3waGqY3AKKW5V8IIGY5e2IGni5eWG6KIq1EIHCaXC3Bem2KX9eHQYW1l8GHA1_6446KHCYG246KWKYmZem6XAI5-et8cK1P9eH8HuWGaGYGX9A39A25A1Aa24I78II2Kr8I6m1-AKWI3OIod86mH9eGq1UH9OmGaG639Fe41eH9999f9eHOWHe,71.85
Puzzle 15x15 #27,15,15,WYAIa9m5oII6WaH4-13GHIKXGe42An1I48AcOY8GzOrAYZa5m1I6U48KBGG48m6XYlQIG23YOUefIL118B5_O9WKOYKOaef42aWY2J2G99AHKWe8HWT1A9I26Xe3e-9K4k4ObA9a4D4WGYO4x1HG-GWYBII5f581Y3WkWfX41Wm9ek494hW8mIH4-A3XW4I8r4aW6IIWAxWGdmeWCX3HHZ19H54C9oaIK,1A5999C5B99C19A1-862Ya5O2Y245S2aGWHQmY41VOreYn9A62I3v8WHi24G1C6mHVQI243e6pAcaL8WGMHzCIWHOKYma5D8WIWY4J84aIYYY258K2r8Kaa43OHOH-9e1w4XiYaI1D8WG5C1_1e1-82Kb99AcY2WHC1kGqX824mIHT8a1kG4X9A1-A3OW2a1kGa46IaGHV81y3eGXCXeHu19eH8X9P99e,54.96
Puzzle 15x15 #28,15,15,39iWYaIaIqKXWD6H5I54KG4I16eaZG8mXaAatGx8QAS4igm8D1Gk85GK8KG1AXK8AGNWYK91UI7YqGtXa8GYuI9mY845F2Y65ICa5CYYff4WCeYq69aC9eW43YW1aG-W9G4KepAe-1OQG22r82-a3AY18HO9Gn1h28GWkIeAKeII28r8KWI1W-1aGvQG2ZXIC6C4W3C1OW-G5n59e4G99caaW1AaOGGoS,39B859999DA61DCHAIY1A42a2mKaZ823OIH9_1x8JeZ8MLO4J8WN8K4K2KWGY3e2K1kGYYa1v9EHQ1zCaG4Kn99CYG25UWYXAaX9A3e5QqWG6HAq399OIY4GXA4WI1-8I41AKpA5-83QWG1w41-9OKYWG5OI1E1w4WG1kI5e5AIaG2r858aG1-8a1Uq24nCa6XCWGXCWm1-8YZeIY4199f998WH9OG1Pu,71.98
Puzzle 15x15 #29,15,15,XICH9CKf326CeeHiOKOXHI3YIKO38AGYCILXI59K8381oWaAK1a969m9HtK5YYCWHYOIm9HXA2oKEAeGLe83OD4AG26aD99-GsGtW9K3Cb15A42942k19AVG25oGI1a6a51XeG1MHC2AZA92IgpGA4HWH9V14KIA9m93EHE9O2Ka1-2S19K1mY2aeXECW4H56HI9p4m5OWHPWKem354SHIWXeDWYD85De,39C59C5DC463A5AMXe6XeaXeaHOm2KWHCaLCa59e1C24o4aYYWaa39Ca5xAKYY6GKYX9OaYXAGoHuHe2LA4XCJ8K4G39D99-8s1l8IYXCMW5AWGaGWN8IHl8WKb8I2a39eG6KWGbe62KnAI19gp858Y2YIt84KI59OIXEHSImGYa1-878IYG3e4I5CnCWGYHCKIId8mY6W5B8KYXCK1uH98mHf8Hf8Hfe,55.77
Puzzle 15x15 #30,15,15,GBWAaIYKaoIF255Zq5GE8ZWYCYWEe4GeKeHHA3a6eAWXaIm94bYI3A63H9aSS955HeHma3I5Y8IK6X5eOeZaC6JYY4mHYH8898W8Wm8UD1K2-GgSWV6818P221Ke4I42I6I_2GB_J245GzKWW1Yp6eH599IY5aIk2OmY5eKW42HCIPOKOHC528_OV12WKmHm9HA54aIYOV56ImX1xmm99X13e8X72e4WW,1B8599A59B9F85A7QY1E2n85OYGZAGWKKHeKK6a3AK1OIaX98beam5Om599SZ9A5e5e6a39e58aK6m5e3en9O3fAY4XeKY42I4241O1Uq1e1-8Lu1zC24Wo4245eGa24aX9_24otf81e1_Y24WHvCKYH999AYIIr866YYHA424HOIo3emHOK21_3x824HOK39AYKWIIHCtA6a3O1VOX99OGXeGmn8H8WG,72.44
Puzzle 15x15 #31,15,15,3W4COO4P1Ca9o96KGtC698KA92O9O1SaK18GzaKAU5YaGYaHmH8GWaOA4W-8X4GA2eG-GbeAX29e4-a-191aZGeGm3OC8WGIXK8AICl2abII72Y8A9mKaG6X5e1aB52VdW9922YQ4zG1A8348Oi9-GH1WKX39AW1DI8aYIL8I2pIt82SLHm8Ot83Y1I837a549GK8Y5e3eK5K4eWxGX9523Xa9cfGZDY1,3826661B8399B9CK1_mmI4HAI46IX8Z9eG41z9AHveKI4H9AXAW24I3AW1-8382K2K1-8MKHCWIK1-9-8aGan8Y43OXCWGWIXAW59Ct8Ib99E4K2Ka3eaG3OY58aoY1_d8Ia42Kq1l8GKWmG2mb9-8Y2WHCX9A41Qa4aKIL8a1F9z84ngYX83x8XAWIW6Z9AGI4KG5AHCHeKK2K4t8X9e1OX99ff8nfeG,55.93
Puzzle 15x15 #32,15,15,1qIIWG2S3aQa1nY9KI6KVYHOKHAa94Ya23KGW8WW_8O5QMmf1emW-51e1a4HGH69K6n8I7a6eeHlGYaaYA4e6CIOgmHGpW4Gw2yIo42i2KAGAWT1CHH2eOH31AcaC9GW5AaOI5ADa2XKug9ODAPGmXGD1_m19X2A58AYCe48IGCgAY8Gl95X45mOICme59O8C2AtKXYaAeWHCfKe97WA8XaEWfqIaC71G,1D99821E39D987Aa59C5VeHOY5AaIGYa4XeWG241x8m5QoXD85C1-A4H8a4K2KX9eXEWIn9CYYYt8599eK2K6X9OLOYGd841k1yaM22b8HeGY1kGXeYGKm5C25D9OaG45AIX9eYqa23e7ga3QHB83OWc1VOWIm4KK2K5OYGWI26LeYW1_a5C2K66Imm5AI6WmWYtemKI5e4KmJA59SWH8X9u1ff99On8W,72.68
Puzzle 15x15 #33,15,15,mI9aBa6AeG76AeAI69CGErWKKAO_2Y8QImK281A9fIA15H6A8-13A4W1563OXmCK8K8eY28_82QP996IG-4y8A884G3961a44emHYXH-8mA2-GHHaAmvAI22Ae39422EYH2W91NA1lW2zmAZ35_19AXH8YIeICZA6289eY_We6aOY2aCKie2K1GY6KOWXeA4u2aA3KHOKeaOOAYG4K3ICGX9PaaIQ2AdA,3999B9C5A1E3A5AI39CGZh8HeHOt8K1QIXA4GG59D9eGY5OK1-83e4W25C3OXCXAWK2KY41_W1Qb99Oa1-8p8YG24GX9C2a2WHCK5O5-86Y1-8HAaYXFeaG4YHOaG24nAKWGa1kK1l81zC5u65l8aKXAWH9eaXEYmWGaY5V85Ca3eGI3AbAGYWGYXe6G3AKGn8IK3AHCYH9Om5A24KX9OGX9P999f8Hve,56.15
Puzzle 15x15 #34,15,15,Wv5OIIia9MG1YJ5A15338e9XH6MXe11Y8CKUG35891_8aDXnIXIK67Y2914AO95YCI6W6aY3mGlemH2GeWxI5AJC4AHOIS2xWIWX56cXLw57WX3baY95K49GeW6I63448XXOG4PeW48IOI-WWHX1x1GAtHef325xWIKe85Gm4eL2KY1Hma9XGa4L12GCeWGa42IIaXP9z46t2g-GV88bB68eHYO488YA2,1FA399B99B825DAYGHO64H9CHCoXAG2K43ep83e4a1V8IqXEI6I5OZe4aG2KX9eKmIm26IYXC1_5CY42K1_IKHfCWKYX9u1x8aGm5Cc3gNA783Ob9AaYYGIGYGmI3OW24m3OG2MK24GI39-84HC1_GW5_5AJOWHl8a5eGYWm4KL85eGYX99C2I1gWW4XA42I42aII3P9l86t8L-8t81PPO1eHemGWWHeG,72.73
Puzzle 15x15 #35,15,15,GIIIMa98HBaaadA2Ae8Ae9K566A8WK8zWpgXmWAOI65mK92812OL4MO6e4e8e1-YX99648eOeIYKI4IIm21Te12-G55Xm2KKP1-215HG5g58xKIGa2Pe2l1A28Gm5PYY6K5785AW-HAfAACoaKa3YA1h2I42Oa531IemJq8H8G894tW998OOWK4-HpYWWh8PaWH91W81IYGw29aKSKmabI9aOAYYYW3O5,1999B9985B999FA25A4K59e5O3AWGK1z8pgXC4Y39OK3ea24GGXg1PO3e4K4Y1-A399O245OYaYKaGII382re21-8KYXC2KKM1-84KYGYLe1xeaGaGbe1V8KW246Hi5e3e5EWKY1-eKcY5CMaYIXAK1kGaWGmaYm2IHCqcGY424a1V8IIWXCWK1-Ape4WN8MI2Ya2WGGIY1kGaIHSKX9P999OHeHe1OXe,56.19
Puzzle 15x15 #36,15,15,2IS8n897mX255I6HKe5K9e6mHOnmO3H2XIaI9i9O9WIeLfC2AK11I6YMYmC4K99a8PVC9Wq9GK4B83C58e1HI9CWYS1DeKee9CIe5CxGqma2t48Aa_8aH2A83K841Ad4GAZmYIna2eDg28leaeI4984z8me8829WWW5YcD25m5I-8BG-56A41KZX93a4YYA8OAe61XHenW6AK2bA65WBAO8M6WYaie4c5,19E1E19E661A59C5eHeH9emmHCnCXCY439999B9Ca4a5gq6G5A24IXebeXCGYaIa1PzCI1f98Y2o4m3AWY2H99C4HS2q5AKH9OI5AXl8cma1z8259x8IYGYG3e2W45y24K7OH9SI4HfgW1xeaH98a41z83AG24IW245ecc25OH9-8M1-e3eGWHu39CaGYHeG6HA386KYZ86HA1iHCK1Pem1POWH9Pe1fe,72.84
Puzzle 15x15 #37,15,15,GnevG22WFIo2EIKIma5hIn4a89KamCeGeX1494W_4I4Y1Ym9z89Gl5253a24YeC1988W5eY1gWze9GmIG-2KOaO5A55G-e4iG99uGXK8J98KWaI4XYGGIbKH1lHXU4Hhaf8xYWKeK1KC2H65Wa4zY1Xm855W81Z9HC1WaA2-2GNV5AXmI1O3CWIYYHW2OK4W-WI8I562Y284-4aGmeWv5OIJav28ADIYC,1E5F8421F9B879AamaHh9SWI4IYI3OY1e64Ga24t8IGKGK6at8a1xeG5Oa24YYmWIW24HAY1g1_KI46I1-85OI6HeKY1-eGMWIa78mK4cIWK2aI2mYG2abeK1Ve3v8HT9Q1_Y4YYH8HC1e3AGaGtAG3O25e221SIY6WGIK1-81TVe5OmI43OX8aHAYWGXA41-8I2a5CGK241-8aG6K1veX9f9v8WHf9em,57.27
Puzzle 15x15 #38,15,15,GuH3KmuaI99U9I89XaA3HIXW111GGW7e88V14OY-aKKwxHaGrG1hK12168WY18H4e54YJWCPaHY8vI9OAeG-55X8A53eGmHC8uW8QWG3eBv8MA9KIYHYzKCO1YY4D6K37eY6WHOaCe4A2538GbeaaX5WGd8EYCze4H16Le_2aGH411zIeCC4W2TWaY2iX8G1IAuoG8OA56fAIQYAYe8HfASIYWE991eaK,1E5C5C79999F998amaYXeI624WG224ZAW1V82mH-9A5T_KI1kG1TAWG4mWWKW2KWHAW5Q4XB9AY1v99CHe1-A5O2KK3A43e61EWGq24mYMp8MYIYI5e5xA3OWKKWJOHOnAY6GHOaXA4H85C4GoH99CY24p87eXlA4H83gHx8IWK2WGt9A3OG21T8IY1PCWG4IHEMW46KHCc59fAHeKWHfen9eWn998H9e,72.91
Puzzle 15x15 #39,15,15,2KKH6AnE5KK89qWZe6a9e3GmmXCIGG8GueeWAHc5HKQCwgH3Cq98C64556mYKXXHHXCCCC3mWe5m6L28a4aOIfgYC34aK34Q6mXAIX2A96WeyY5AC916AI8eHZ932em6w1g8XqeH25H6IA58PH8IAm58x2l9XXeA4TKZYKI8123KCCHImC25Y5693G2daCHW5IKbYCFW92CG55-Hn2GK9eHIBI9a32W34,25A5C5E7A5A19D8nAmaaYmGm3O6a2421SYY4K5DAHeq3wLe3OqaWXCG5e3OKY66HeXC6XCXC4KYmmL82aWIX9fgY3O19e64q63O59CGKI64YpeYHOa2XAa4KYn9OG5O3h8L8mcYK25AX9AKGbA4aHOY1_1V9Cm5e1wY7AKaGWGXAXC59OmGKYY39C21UaXA259eMHOd8IWm1AH-A78WH9eH9P999OWGmG,57.69
Puzzle 15x15 #40,15,15,2Z269a52FI9A3Y4qyWgAmAKGY8A5Ym45e2CXeGP5OYHG49eXI5581aOIWKl4YGCD81Kt4b5-WXKIK58-A25GIWGOIuWH5W2a2wG9YKe98ASKR492r2SAe6H3X524YAO4t32HGcY943kKXKW99GIXa34_19GKYgG53eI5Ln6m69I1K36A2X85AKYKeYK5OeH-aA994L2exWyBW4965W8EOae1K52H9G3Hn,1E4399A1F99A3A2cp8LA6HeG58KKHOWKKW6mK1Be3eY24aY6aHe24I6I4Hz8Y2mq245x8oH-8XAIHe1-e2K2IWG39S2HA2WI1w4IK5AIWHEHR8I1w4ne5OHC3eG2K5O1_38Y1DeI43wY3AWII2IX9C1x8IGKKL8HOKI5g7O3OaaW5C6Y4m4KYHAHeY5eXeH-9eaI4L85_1FB8WI6Y41uX9eWHeGH98mHu,72.92
Puzzle 15x15 #41,15,15,1IB15C8E2ePaO1H59Q8meaK-WW3IOY7YXA1XXC4W7aG9f9m9WaI9HM5G2IWYGUOZHGmKOKe8-WKW9969gAIO4a1e4YW3OOeXmaae9YKGifCWCYYOaH3iHNKe1Lab6I9mAOCuWGRfHY233I4K3OCeW8GH33W9G-8Se9eI1n6AjIE4N155O8-8W91WmK3K21aCC9H8tWIeWaYIA4ICaG4YeS3I9yWGiU1mA,19B85C1E25B9C1A59QWXAaH-8GX9CKZA6H86m6WG798acImI4aIaHBeG2aWK1U3uY2m5CHA1-8YWII6ILea62IWK2K23OmKm6aaKIHe4oJO2XAYmaY6M5hAK2L9PCIIXAmmn8Gsq5AW3OI4HC63AWGWY3O4I1-8ZeIKI47OHj9SWN8HAm1-8WI4W6Y3eG19O6aK1_2aKGI59A2ama41eHuX99v81Pv8Xe,58.16
Puzzle 15x15 #42,15,15,2H9W4FHeAHEX6Wmt9HK5GEHXAC99IKH1138K525Y94IXQAOA2x1x424eae5Y1XPKa3J1KzKK3eAKa9A1a1Wa47aeA6YeHXIDIO543a2IYL6a6XH3KHcafa8AHYA3eXK1692pI2yzWN44YOKOC46XK4229GHn98Jc24e1l8XOGIWk1G8xAI8W5AA8K8xee1T2Ha2oHhYY8369GHYG_G4d417aaK1AQ45K6,25981FA5A5E6386t9A5eGnAmYmIIaKYG2m25A4HAI2ImcHCK1x8t82GKIHeK2Xi59OcG5Ve5O5eKaa58aGWaGZ9e5CYYYX9f9CY26I4aYLOI63AXAKqIqa2KY5AmHOK4ma1ya1yt8N82YXAXCWXCY4WGaG5SI4Jf84Y1_4XCWa2r8G1lAIWGY5e4Y1_5A1kGKI4o5hAKWm6IWKY1_41v8Gn99eGHf8Hem,73.19
Puzzle 15x15 #43,15,15,1X4799K35aF966Ho5_HYGOm624eGYY364I1x8KPe5WeOQg16W92MWHKmXHe82GaAAXHHe8KO45aA-W4mJYHH1fG-4Y2IH2FYKj28x4a4JHCGaCGa182aA3A44HaKn552-eXIafKLa8A295G5OHQIWYeW2CXO62CIY8W5cDYxmDaaCa9nWaq4K5282KfOXAH2zGBYzIAeYG5I2958IH2HW8bXXXD5GiiY4,262799A659F9C3AoH_HA4mm6WGY2KK3OWI1z85iHA4KmcL86Ga1iW5AmXAYGW2aHe3e5e4HC2KI5-826Je5e2c1-8KWaK1yKHj81_GaGcYX8aX8a24WIY3eG2H9e7AY1-A6IIJAL98YGIKWKmHQIGKY423O6m4X9A4GKcq5VOcIa399u2acGYYWGWKq3O5A1_WMHV9AYY4Ka4IYGaK1eG1POmXfe1PPeW,59.06
Puzzle 15x15 #44,15,15,1eIaIAuK8ACe9PKf2Ye1pAAO3CeKYAOAImaGa2Im5V8XeeKaIeEeEK6G22G5A2J1oG6PmA19DSAgIYWA65G5IGYAaCOO8rGm3H55x1i6KfW-13H36H8449KeW58A69ee3CcK9OJH8GK255eWAWK5WA2J4tCEA5-1Au569nHA4YXD44CiIeO2GmOYYe4Ka9898nHIe69yKHXuI2aX5CGUI1G4WKOe99bI5,25999A7A1A659BAq45A1yKHCmm5AKKXea6IWa2a65l8mY5eaIKZAnemWG24KY1f8o1OM3A19DuYL9A4HCYGKI4Y59OXC2r8XCHe5x8o3Ac1-83e63e4G2IKKWKWHCIYHOXDAImcY42Y2KHA4Y2KKWK2q1VOnA5-8Kne6anAYG5CqWGXB9em423OKYYW5998I27eIKX9UHe6798ImHC1v98WG1emH99P9e,73.69
Puzzle 15x15 #45,15,15,C58e9aapGXa5We8aY-GC9K84H39W-WGe923YKea191I4bce1g3Z2CA9dWYAAEA56gIZ8WXHeImeGeI4CK1-KmAOYXC3A695I8WYm345OOr41G2KKeGXLKHC42ICANKa2SI3ICeg8mH5MCUWW6IbD1KA1K2mKHHICI5KWAgU2W5IW8_Gb8_GWW9AwV214A88m69eQI1GHwt6ICIKHAA4u9aW8WOKbmGu1n,3A25999F839A1A4IH-839eG4HCI1-82KaG6K5Aa4a4IWMqY1gmZ8mYad8HeKZAHCL9S24mYH9CYGKaW6Y1-A6K3e3O3eX9eIGWKmm4K3ON8224K5e43gY5O4WI6HwYa4Z9OIm5g4mHAMmd8G39Pf8KY258mHeH9CI5A4YLy225981l8o1z8GWa5T_224YG1OX9AcaWWHT_6I39A5AKWn998WWmHPO1u1u,59.22
Puzzle 15x15 #46,15,15,OIUKW19cH1IYHJAH8YtGOe4e54i8mO1198kHKOe8-GG3IK-YGW62W9WK4a5EK215u1A-5HI1-2YA4I4QYG5O918KAO6IAGG563PDcaKBA51ArGC8C4228e8HK4V2_65Ae8-a3Y5eaW86CAeWT2CYaWKCvG4YH288H3KXAgT49COGx819e3K1YW2F2IHHYt9OQ5BI2IK9m3GGC1HGI48dK2maJ9M2GyaQY,39FA419DA19A5DAKWKt83e4HA4oW3OW2aWNAKXA1-8G6I5-AWGm24IWK2aHSYWGK785-AKa1-8YH8aWJeWKma4WK5O39e24HCXBff9ebAK25w4X86G241e4KY1_1_65eK1-9CYYKaGWmm5e1kGXAIGYXF845e24WHC5OKLkGaXC1_24aY3e4YWGd8a5eH_a3QHiI4aKaXC2Wm2KGa41veWX9f9P81v9fe,74.01
Puzzle 15x15 #47,15,15,mM4CI95YabWSAuYPea6XG-2G525m4Ye447YI21G-2I41K965H1324W5YKk21mX2K8WWzACKCe-85lWghya4AW6YWH11r1I8461-2u4H884HK13HmI5eAYKh8152a9AYXXHl2c4hg-Wl49e5eW29eIEHG4e4Ga8CO4HY4aK2Gap8x49AIa3uXmI-2C8898O46IeI4WNamX8TWIWz168395W6YYv4mIYKaH,3B8399A59B87A7AMH9O61-82KWKmGKYG47eIWG1-8a24YIXeK1O24WKY5w4G3O4Y221zAXAm5-8Hl8LTUa2K1OYWH81kGaWWm1-878K24WKY1C5CaHeKY5w42Y4IaYYXC5l8q1wL-8t8IHeYWGa59SYWGYG4I43O1eY2aK24Id8t8I599OnCX9-8mGWI4m439Aa4WN9C62r8a1V8m4X9eGXeHv8X9eH9e,59.52
Puzzle 15x15 #48,15,15,WI9fafeeIK5444W888GA1V83S22_IE4_9tWPe2G8AbJ4fKO92I4Y-ae5I69Y5GK2YmG4AO95qYHP1IKYve85AW12GeWl8m2W8_8GI5tOmIYIIt44YI6643K2KY641AiIeAAm84_53xGiH48669peeWY1hW3Y9WmX3H89a94AY89A_mKIK25A4wX2-GAG2AGG-5KJ6AGA3C3XAWWWOA8Y455GqKKaFI95m,199D9DA59A5824224W4Y1z83u21z9S1x9l8MY24G5Pf8c5OaGaGH-9e59CaKY4Y1e64WHCa5feYo4I5epA4YYW242K1z8m24Gt8GI5zCma599z8WH9CmWXA4YY64W5B9AY5C41_Kmt8bAG1OmadAYGY1kGXAI266XeGIIIWHA4IH_mH9A4KK1TC1-8KWG581-eYcXAWKXC6XA4WG6KWH8He1feH9v99em,75.23
Puzzle 15x15 #49,15,15,8AIX44d9aKWW9MY_43544g4GxKHH854Y665_HK99CmXmeQ9CO18mIK2qXACeK3AnWMM1XXaWAabe295O8aGaK2G3WYC9KODaeDYOe-II_KJI6GWCXmY5WWG2G4Kaal8HYaW89EK2nA2HYI4l45ta5KC34HmdT285X4m9eH2XA628n2I1W7e48-e96Am9AaCxW4M1GXa89QmK5XIXA829KAv5W59e29ZAC,259C41F99A419BAt8Xe2WL81xA5AGKWK665Ve599Om3OYcammWGX9A1DCK6KYm5E1BB83OaWYaoKWaHCGI4IY24m2KX9e3f9Aq5OH-99_5D9O24mXC5eG4WGWW599x85ea22a7A4ZA1AKa1l8H_aKKXCGHCph8WHCWmaYY46Y6GG78a24ZAG1-eImHCaKa3x8GMWG6I4acXe5OI6YG19eHveWH9e19uHO,60.02
Puzzle 15x15 #50,15,15,4IoaneII9A4Gq58282IX4WYI-GaGKH1-KaWarmm48I5OgW9OKO85eGWBWHU61O69K4FWKLrGW1KH5eGx8Me4Xx1kHG6m14OAaWamY2W9YD4-e6XaSmOWq1AeAWGA488IKqea895H669dAT114O2-8eS5532CJ21t12H8crGe46AYd99GzO4K4KXez5O1XGY4T452KO82CHG4D81HmK4BnYIaX68daoacH,19B9E5999A41DA224Gam2459-8a4KK1-Aa19wXCWGaYXgWIm5C2KY22b8HFO23OaY4p8KLw42WKKHe1x8MYW3x8Ne4XC246KaGI6KGWIYc1-emX9Emm1D8KKYGWK222aHDAa2aYK6X9UKr8W4m1-8KZeHCWmc21l82YGcN8Y26YHUaI1VOWKWHCH_HOWm2KWN8Y2Y6WG3A42q2WHCK1PuH99Om1v9P9fe,75.47
Puzzle 15x15 #51,15,15,X4YYK9K83Z96WYGH51xG8lK3WI8HOeKG75G82W2aK4-YJ5a3uKk82W8841mKKI4Ye8-a-I-IbGaDON2pW8G824mAKGn4929GYFeGCWHILK1Ia5PGWYz95Cm5Cb4_2aW8181CI5XH184e3axaW8tG5mXmT96Y9XAG415XQY29nGXeZ9zqHY85A145AKIGY2XX19De-Y7G9e7FWKeYmK1581eaSGKGGd4YH,385A59A4679C1A2KY1z81xemGa25OKY1SY424G19e1-AcKa3u5w42424WGmKYa2KY1-9-9-9B8aq3w1UWGWGWG6He4Z8IGaG5FA26WH9gK4Ia5iWGH_I5C6KXi1_Wa424WGmaYmY2WGYX9x981l8HC3ON9CH9CK24WHCcKWIZ83eZ9zDAYWKY24KHAI2KWXCGIcH-e78IKnF8Y5AmK1eGWH9u1eG1v8He,60.49
Puzzle 15x15 #52,15,15,Ca9i9H1n82e9BaKHXIO8-5T4x84eC3G4e34eGa891WT2a8-5aGG58fY28-851A44r49AXC5SWefmOC1t4LcKan2IA1AOOreW26W8a8K895O2Ha9nHmDm4-4125YAYYe83CKOKe5PC4IWiS5l4K2O1ZeeMmaYWe244AamfKWHaCAOY4iqWXKeKXY1aG6AaaCaP4IK5qHewQgH2D3I546fAGOGWGobKOWKn,399B9A478259B9AK39O1-eN8t82K3OW2K61eGaGaG1w4I1-eI42Y1fA21-8K1eG1w4IHC6HSWKc6664t8LfeIZ8aYGYmmreGW382IGY4IHCW599EHCJO1-8G2Y5e5AYGXCHCYHAMm4a1PS5l8Y1O1SYHiX9AWYWG4H9CcKW59CHCK4bD8XeKY3e4a2XeaaX9B8aKKcY5TDgY1DCIY4XfeGmWW1PPeX8Hu,76.22
Puzzle 15x15 #53,15,15,GbaavW23a1G8WcKYt492B55OC_AeGnG9GUYKX3K3O4aIKI4Y8eCK8K4JGYHeA1G46OaG-8aYHIJLvmHM56519CaA94WHYIaGAXXDa35Y8I2SA8tW29GY63H363K5WKO69T2VYiHqYH2t8112IG8YOm4HL32A3a-2He2G9a53W-aXa2WH-WeSKW728GXYeKI8GaIgeHJ25QK2IuWAO6C8XOIY3I9FH59OW,1B99F84398241DA5V8aGbAK66tAY1SWaGdAY6mYmmGIIYa1eGKmK2K1D8KKKY242XCa1-8a5eacLvCKbe3eGaX9eaGW5eaa25O3f9C5e2a2Ze1x84I4YXC5OXCKK25OX9w1VebAcYY1x8424IWGY3OWKLO2KX9-8HA4GIaY61-9CaG45-85SY1uGWGXe5eaWGaaLA5D85De2a78YXCX8mX9eX99veH9OW,61.00
Puzzle 15x15 #54,15,15,4EAY4eIy8C4IA48ICmYdGK1I92eH-4e3HI481Ye8AI751IL25V8o2x44gGaG1nO1OCCCe6aKYuBnelIYWeKyKeOI8EYI8G3f552mY4YGHKa11zbHY1Wx2QOAK2_414GYI5Y615CACC4GK4YaSGeaz8neImYyKI122-WWGWK3aG8FIr2h15JWXA18-83YmG4e86SNIZY4HXAKOOI9Ae84m8Y9iW3CIIIae,1E5A259F8619A24am6Hv8YGaI1AH-8Y3eI242KY4H9SYGIL8Hz8o1z81g2I41u64XC3OY39AHSo7et9e4K5UK5Oa1SYIWG3feYWmY4Y4YKI41VBAH81x8q6KY1x8WGGH9A5OWYmK3O225859u259V8ZAI6HvAa241-8WGGKmI41v9w1kG5D83e21-865CGWKWXEN9SYGYmY5CX99eKWGX8H9P8mX9999e,76.47
Puzzle 15x15 #55,15,15,4WG99aHG3IIbII2zIa934l172KXGK3H826I4IKHGV3Wy595o4W-81KGe1i4ZW6ae81hGeRYAM6DaenKm54G2Y9WaXK4nYAKm59HvWKIG9f99GAsW8YX999A8eX98ZK3OIAH5mAcAmm81OaHAf3YYZmE1iIVImS2Ha4Kmaa1G24dI9P1u9CCO2aG-W228eeaYaAHQm95C53GIXAa693GBA6aO6E516ZaI2,241999A4399B998t999C1_1S25O25CYG1Ca2aHe1zC1yYI5iW1-81AWY1i1S2ma58WN85RAHi6cIYZA3eGW2KIWamK1SKKHO59Ap8Ka4acaa25j84HOaaaY4Yma1uY6X9AYYXAqKXC24mI5AJOHAnCZ8b9x9Cn8KI45OaIW24Gd99i1ua6XC2I1-8WG1e59eaKYJOaK3A64a3AaX9O1PeX9Omne1On998,61.38
Puzzle 15x15 #56,15,15,Gv4XKGWYY24nOW69ImCApI1kAaQOa5HC5CW3e2_XmWKA5meGP9UHGXI1IW2K6AupWWGeGCSCLWraA94G8Ie63eD6XH299Y-2yIuHH4XYbYH18AHWm9OKYI8YHI5a3CXn25745Ybue8aOeA5aMX86CH6Iw3b325GG48Y59HIYIWGi8d4wA251199K3lGKg8t4AdoqGGvY1WWCHm9G85GHae1KqI9e8D9aA,1F83A245A41E646aI3OHya2rAaqmaKY6HO4Xe1_6mW5eYmK2b9FAWmI4a42K3e7v8WGK43uXg1wIYI242aY3O5DO6K2IIH-8p9SHeW3eoKKGWHAGX9C5AI2KYa59C3O78YZ8KKone4a6KYH9POWXCK39kXim2K24245eaKaKa44o1y2re2Y4WaaYXl8Hg1x85UocW1UYG41O5OaWGKWH9eGHf99e1f99e,77.20
Puzzle 15x15 #57,15,15,mH4IanC53AA95H5KYaJKWYAq6WOp28S565G8IH5I93611KaW4-e9We6mH9-W84568Yaceee595W8-e9aIHImW4KQF18Wi8lOe4el835K4eeG48Ga2A5I96HWHKz4eA3tW9OYO9ZR41a31a4CYJHmHWW52qKKXfH984G1Ia444EIWCY-1eVWA53z4q3I9HG8545re5YIeamGn2it2453HOc44qa559X44K,3A199E3A3A59A5AKH9DeGKHQm43v8GZA3e24a5AIa3O24KIG1-ea4Km6H9-8W2K6WKacY5eH9eG1-eIaaYIm425DF82WM1_XAGHl8mYYGKYGWG4I4YH99OH8Y5V85e3x8I3A39EsWGa38IG6HQHOYGWK1fAHCJeI4G24Ia241Sa1O5-85x8KY3x8cX99eWGY4HkKKKaH9C1E1Bx8WKXeXf81f9eH9OG1e,61.51
Puzzle 15x15 #58,15,15,6aU25H2WeayaaaS51a1Y_8-4WW219WY3KAKc415XiLG-eqX53a82XIO8AWaWWYAemK5eOHAC3G9c2aYtW5O5G5QH6O6bAS4AY5CAXG81YG994G6GeY2_rGEmOe48tHaGa5a49CHIWel8WeSJH81XIA8VAWWAfCK8-1LWbD22ZH3YY39WIeImAWG6K4CHmeAYmK39_e51815HDIB8X5Gn8eOAyY39a15IY,39F85A4259F999EKWIW5_1-8WG42aGY3AHecGWK3Bg1-AJOK6aG4X9OGKWIG2KYYm5e5C5AXC4Iq4IHl8YXe2Hfe3OXi5SWHAHC5O442KWaa246GYY1lh8nC3eW2teI2IKaGI6YI45_G2HSqY42mIK2teWG5QXe1-8L8oqG27e6K5CaGa59OY24mKWmYXe5eXA6ItAY224K5f9B8mK1uGHOHveX998H9e,79.09
Puzzle 15x15 #59,15,15,1Y2Cma5GW9H26K2JW9e64xYKa-WYzW5Ad1GCIOOX2T5e8f22-Iu6WB5W44eX5H2eaW9IHKmIQCIq414egXOaAXOLm6eGxY11Ga8a1H9G552A5-13l252KY3AAWze5Gem4mAfmH6KW4aIA4WGc-IHe6OV22aI5l2H2GmmY89Xu95KamBWHYO2W3CaeeWiX2AY4C3ieAeeOW8CK6fGY42Za31OepaoK4H9u,258639A419A43A4q2aHO1xA59-8Kt8Y5y2439Om6WNeYGqW1-9S61iKWG4HCY58YIWaIYY39fCaq24GHg3OIHO3gXCY1xA24GI4I1AIGYK2KH-83x8K2KK6KY1xAYG5OGXAqXemK4GIIY241D-9A5CXl84IIHx8YWG6mYWIXEIHAI3P8YHCG23OaKK1POG5AGXCMKYYY6243e6J8Y4Wn9OGmHv9PeGH9u,61.61
Puzzle 15x15 #60,15,15,GQaO217II9X188WfODH8pAXK42k-qG1e8G5e9O3eae8e6A88tCKOIGW84GOCG-K4OOOAD3_IlGa9WH2IW56Ha28IXC41I1-K4l9SA6KeQulW8K4W11aA69J4Aaa2t8hI3mCI91BHeeH1aYI2H1EA9W1aWOYWIXK2Y52ZCqmAX1YXI9l6CKAe1Ia4zKHeGK156X5S3592b6K2A5KKZm2YD5WIPW5uGM9KG,1D9C427999C2244c3fe1yK3AW1T-f8WKG25ea3OH9eWHCY41zCY6I42424XC1-AWXCmKq3x9x8aaGK2a4YXAIG2IXCW2a1-e1V9SK6KKc7x8WK2WGWaYmacGYII1l8N9CXCIaWMKKKYGaKa4Y2nAaGWaW6KWaXe2KK1u6c3em4Y399_XC5eKWII1lAKK1eGYXCY7OKaGoXA25AHe7OWHfe19P8Hu1P9eG,79.55
Puzzle 15x15 #61,15,15,699H1W126MGKIe1AGKvK5-eGqAC8h2CIbGm9I1aXqe51dK1WlOY4Y6YW96H1Y881YGI1aeGI9Alg-G9Q2-4I9bOY1YAWeYWa2YGV3G6e55A999SA2e8WIV427AEIeH6CelkHYG411am6HIC48emG1SXIaXKI2dY8I9HaHb4agmO8XmXY18A6HHK44aW6aO8-2mY92_1eXgKIKGKC6K4X1YBim8COIaDAO,399A44243B859A4H85ve5-AGJe61w439i26aaGI6JeK1yKW1_mY1AmKGa6Y4Y24WK4I4IY2aaH_L-8ac1-8IIoXAWKYWHeWIWK1VOG6KYK5999SY2YG4at8GZe79AY3OHVheYG2GWI3OKI6WGK6G1S399OKa1yK2aaH9eM19gXCWXCmY425CYHA4Ga1Ca61-8mYI1_2Y3gYaKWHC6K1OWHPPOGmX99fem,61.63
Puzzle 15x15 #62,15,15,C9m3K5mC62iHSPAeaH33O5XA6eX44HY492eH5Y4ac2yWa9C93V2QAAIK4AIWmD151H4K2e3O96ie62II2ACA6aIGH8H2WxuWh84W994tuLlA11lmA-KImeG8AGGYAWae41aK3nL5YGXIe4b1D565A56WAIeHm9KXbIIHGYa99K48A8AGA294e3eOepa5_1K3e2DgZGGYaW389Aa3t84WAdD9y8WQJ99AW,39C3A5C661BA7BAKa5OmXemHCKmGGKYWa1A5A58ac1F8aIX9Ct8q5eaKWKa43Q4YWKWY2YXCaXiKm2Ia25OHOaa2Y4Y21Vu2r824aa1VuLVeG1zC5-ea3eG4YWG5AWaYWGa5O7gHAW6IY4M2cY3eKK38KaKKmaKmMIIYWKaaaY4WY4YGKGI4YXeXAp9At8KXA2qLE24KI4mGa59Ot8WWHvf9v81ff99eG,79.57
Puzzle 15x15 #63,15,15,8Ai4GeWW9IafHGOl1eIIVa99ae8-KA2GWSC27KWcSGGGa7IKOeYa1YAeB4AWH59em655GYHA5augGema5A8-G86243WOEHKC259Ge5NG9II49OABeGGFWY_GCXAEO29W-rGI849Q52A6SY1WHatGXm4aa2K8Wk9Po28534Kv1H5a81We1IHXGx6K5IaG-eKOI4KYCHe65CWHXK6aCA2BI1H9eecWWbIQA,25B81A41999DA46t8H99z9999e1-eKWG1E6W7A1DE2WGa79emKYIGYYHP8Y4YH9AXCKK2KHA59uL85OaYY1-84m41CW6ZAY6GKaGY5h8aaIGImHiY44p8Hl8XCK7O2a1-h8I4WIcYWHCnAWGH9x83OWII4Y21T9BB8G5O2Kp8KKa24GH8a5C1_6Heaa1-A5CaWYYmHAXe6WKmYX9CK1P98H9eHf81P9fe,63.36
Puzzle 15x15 #64,15,15,4J9IaK8e3I9dP23IHIY8P694KAWeH15IA29W64a632O69qa2GbYImHHmYaXHSHK-5v4XBi5X6AR8K41KGeaXK14ZW528eGcaKA9H2tYKIh54HAWfW5mK2YA1u52-4555Y5OX1aqAAGa4eCWeKzG5OWW5C9m5MYev42F9gCOY6m6132A89G68C39aKOCg86AZoeaBX5p2AHY9HKH1GK4K9e59Xna4Y9iIZ,1D999A1A399FB86a59A1PCIG5eGKYGYa58I4X8IXC2XCIqa24o59CHe6Ka6KZe5-Ap8XBBemXesGYWGKG59OK21EWK24K1f9e59e1VeKare25A1f85CYGYY4ZA1-8HA5eY3O2IqKKWI1Am1AHV8Km4WY39O5PA5UWGd9g3OK6XC2mWK2aG6G3OaaKXCL8XAnBeIMXed8YY59AHAG2KWH9eH9On98H9P9u,79.96
Puzzle 15x15 #65,15,15,2e3aeKPH2Q3XK285CY1ZCHHK3fO9v858H84avW5Dk3eIoNWo4-H8522GHe6HAYamGGa8K91aH2gcHY8m1-95We1928358A51G81H3J2-1C8-1e_aapH9eH2GKWWH554WaW31MHDY4aG144T6IieImYKW-eK-K1Db1eeA95G2C24V2A5H35aGY8UaY11I2CIIC6PBaa8mKOHmeX3mm61C8d9KmaQYmaHWK,1A39A5BA1DC3A245OK1u6KHeXDOIp8Y4Y42ap85Dk3AIMr8o1-AGYWWGKKmKY59OWGI4H98aY1gq5A1C1-9A1e4I4GXe2KY2WG2HCc1-861-8HV99UYaHeG4YGWK5eG2aGm1BAcK2aW241w39BAImKY1-A5-A4JP8KKKaKWGmWGt8K5eXea4Y1F9A4WIWX99CXiMaI4m5CHC5CXCXCWm1v9eX9feX9e1e,63.39
Puzzle 15x15 #66,15,15,19f5G14eIYKImAAHAW-2zq2O62qeY3AGWK8493AIKO1945t1La9SHm6e2ZYY89XG148Ht22_K4XteIHt5K1244Wy9XK42x1GFe5K5X2YeeA1WW15ICq6eGHOOH9YX59y1GH9-2WKIO6aXaI3I1G9YG86P9WAAGEX7bKAVKO1396538IY6Y8eKG8x6SI57H29m19gwTWAGe59YX36A4122HIC68KB66HAE,19DA42459A59C5A5e1-8tf86m1fe5OY24YGWI3eI5C2a2Hz8L99SHCmY4nAK2a6W24W5l81zA4mteI5zAYWG4W1v9CYG1_W1UHAY5C1AYHAWG2WH9OqXA4HO3AI5CH9F8W59-84KImX9CaI6a2WIY4W3P98YY1um7PAH_5O239OHC4aHCKWKY21VO79eZe4aX8aLTkGYG5AIYXC6Y4WWWH9OX8HPOXeHu,80.20
Puzzle 15x15 #67,15,15,1EI93G9M12Y9aBeQ52_13m6K-8AA92WmH299YuaW463YQ88aWSKYaH95e1WGG-8o64eA6AWaYFSf92OYIY9I3K5OaY4HeCZe6K2S72mHHq1gXW6YmHAu2A8A25m3I9F85mW8lYHWIWGy41BIX696mYW-a-248T8XK34KaH42e4CA5IeWGV512xWY1xOYXA6LYWqa4CI2HWe6ax15AGCIe45H4aaa58696,2799C19B82599BAqK1l863O5-85AIGWXAWIaHSaWGXCHQ24I1u5ea59AY24G1-8M6W5eXA2IHvEcIWmKa599OKHCaKWKHCZeXA1EZ8XeYc1g6G65OYHS258KWHCmIap85OW1zAY2a24p8Gb9C6a3OK1-9-8G1h8Xem2KaYGWK23AH9A21xe41V8Y1VOHC5OLAGcaG6IWK1eX9l8KYGX9eGHe1999eGX9O,63.60
Puzzle 15x15 #68,15,15,C4mH1qn393ea95GfamAA9I2AIG4G-1GeAQ291H5mY-1QIqAW2aCcYeH4KHI4S1AW-1iCK92OOa9aa6H4I5eHCa5OmH2QIAX8Wu1aI3Y8Hb69X41V5GPD5KAKCX1a1zH8AYWm58PeGTGkG641V3u5Kn8H394e5KqGK2Ab2IMI6Yc9X9493CKGH8W3541aG-AaI9GBewzG4yO81HC8ae2O44513eHafa9CO,383A1DE39C599A4J9OHeaIGYa241-82K5D8a4HAm5-8cIqYW2aXDAHeWKYIGZ8K1-8bCH98XCIIIa6YGaY5A39e3OK2qaHOW2n8II3AGYoX9C21VA1PQKHAK3O2a1VeGHA4m58oK1w1kG621zCZA5SW5CIWHeHQWY2KoWab9O5D9CI4Im6H8YW23eW2a1-AIaI2M5TV81y6WGKm2IKWmWWH8XeH9f99Om,80.22
Puzzle 15x15 #69,15,15,1yaq9IC4HJ18AQ29891W6YHXAeFIGWA4W4x48WVKmW95wr25K5-1W4923e1Ke2XX4WICK6OKKHck29852HOYPMXAFG33aMrkI122XWYOW7HnKGK2Hx11nI52GeH993KGCKt2W1QLWaGYXm5AGK1H-2OA1aa1I263m_eW4W-W6f1t15K285bW6YKa5YCAHeQ8Y3CI6HHGe3AXYO3eI42Sm2MmKXKQII6KE,1F9D99C45D825D8aGa24XeYXA5ya24Y4W1_241VAmWa5wr85eH-8WGI2Xe2KY4XC2WI3A3OK5Aqr8a4K4HOHPiXAp8XCabhh9824X85OGZeZAGK1At84Z9A42HAIIXA2mHl8G2qL8IGK3OHAWK45-8XA4Ia4I43OXleWG1-8mc1x8HAWG5B83eH9eHCHA5Q1e3OI65A2Y3Am5O3AI41um1POHOHf99OHu,64.07
Puzzle 15x15 #70,15,15,GEm1aImmap8m58HIOHKX9OIW5IC597HGW1Cq9eC42fB2Agx2De52mYGa5mH32e8GbGl8KHz5Ce2H-12841a9G4Y3eWK58W-W5L6a5O99rYHCAA92NyHa128K5X96CHGWW899G-LY1aAOq642eXKG98uAHKAJKYw6XKW2BGOeV4W6C93YYv541eA82GAeefG-2eKD6K2hkWHXe88WG76aCA9X28XcaaJa5,1E6199C39F83A1AamHA6a6IWH9OH9SY242mqaHO41DB8YLz8JeY43e2a5O5OWY41P8t8K5_Y3e45-824WGaaWGHOY4YYG1-85gX9A399wKK3eKa1TFAIG24KYX9OXe4WWGII1-gK19A3fC245OKWIGZA5AHQY5wXCY24MGm5V8Gm6IXAKpeG25eWG45eHQ1-8HAq3A1hh85CKWG41SX9OH9OGWXf99f9e,80.35
Puzzle 15x15 #71,15,15,GG1Ca9K6eY95XAGL-I6AiXoX129YAZGK2HA1KA43V2C6LumW1952WAX9ea6YYe54-4_298W-G8AA2K4YIGA6C12985G3t4KY3HaaOHzItY6cGeKX56o681G858G19WHab1a23iKg_892ZWA6OCQ6ee5mXXlGHH11VGG91YIHKGMIIlY8479mGYa4YYOm82elWWY4-14vm6ke1a9CXYWK81AK9A8eH8nX3,224399A3A59A3A2L-9O5BOMm24IKHSWYG5e4KYG3x8m3g7OW2aY4G5OI59OKYHA1-8t8a21-84YK2KWKaGY3OWGa2KW3x8YY3AII65l9_5OJ8KHOHOomWGWGY24Ga259B8I23BALz8a4n85O3OJOKKYXCXl85e21V8GaWKa5eGb99VeG4Z9CWYa1AY66WG5l8GY1-81UmmNAWaI66K1eG1eH9eGHe1umm,64.15
Puzzle 15x15 #72,15,15,WQD9828m1GGHa58I4Wm1-Wb2-5GGwGeG4xKeGqG4k8IWlV825K9P9G8YAq4AeHKK6GG2VHK1OCe5KuaAI6W4uHeX278KH36Wx9Oc595AqGYCN4GGKY1MOOX81-2e1662HJIF69eI11bKIAaK6GWGe6AKIe4IS9HKA12rY7OWIY5A1p8P2-Ge8OOamXK-246GaWHLHAf9K2WeeeA25OOIY1SmaaH2fImuW,1DD9824382459A4aW261-8M1-e21w4Y41_HeGcGWN8I1_t8WK59iI4WK5QWKYHAYX8W1zAYW3OYK5SI59CW1SK5O1SWYY6m1l9CcYa5Ac2KmN8WGYYGoXCmG1-8YG638KJ9UX9AaG1PeIKa5OWG25OY59A19uaY5A42rAnC2I5AY4p8o1-8K2XCIm6H-8G6GaGYLe5QaKWG5eKY25OX9e1uX99e1f9On8,80.57
Puzzle 15x15 #73,15,15,6aIHHaIA8acA1KKLY1CeIWH1aW-H8A2YCYqe43at2GWMe3HmYW-9WWEHmH6W8WkpW9eIo5WYeQBA1G1a5BGA8gAG5YCZ4X9mOHc3K8eYII6A6O5I9a9HKXeGCCA_WIGYGAYGVCYbY4W3K45OI1886CYHIa5D8z8K2bCKol8Ca5mAb8-H59CK843HKICm481a4H5YYCeXIAGH8a7A63m99Geb85p9J9OW3,399A599A19DA45ALA2m598K2a1-e4KW5OHfA4X9z8WGbeXA3A1-98W7A3e6421TUGaH9BeGKKcoKWWGa5B8K1gYWKKXE46aXCKc3AGHeaamYm3eaaIIHA3e4XC5V8IWY2KK1VOYbeWG6K2Kma2WG3OY599eq1x8Y4M3AMt839e3AM1-eKImKWG6K59OmGWGa4KY5emY39A258aZe3OX998HP8Hv9f9O1O,64.16
Puzzle 15x15 #74,15,15,459C4WQ7eeHHE2OremPm58CWV36HYG44572YaO2258Y9uH_4a6YIaG1Ky4aW1mKK6939K-198-YcXZ2GI99H286HW55eXKGhZe1Km1HW94IIWo2H3QKeyYU4XAGKY2tYmeGKImaeXe1OGmKm53HWCXeHa9aK9I32Y4_81KZH7EaAACMCAHI33H6Ke5K3aKCPe5IH2xGa2XIaCWY2-132241o9Y3e5Y1H1,259C41DE5A5A786rAXi3eWm1zCmHeGW2KZ8H9C4WY259E5x8I3Aaa24Hy2aGW6K5OIma5-8a1-AcmZ82IaaYGW3eGKYHCK1TuY2HC2K2aGaa1i25OJe5vAp83eW5e1_5CKW59OIK6Y1CWmYXAXA43OYYIIa599O2K1x8GHSHuZ9A5Co3AH9C3e65AHAma5OMHAaKWt8I1Oaa6WK1-8X8WG1P9eXeHe1eG,80.63
Puzzle 15x15 #75,15,15,2AI2W2OYCA9e1IKxIa9-eCIJW29GGYK4WC8225YeF1H-eeK699g3XWXl8I22We54HA9Ka6aAAWL4-1r4HQXeaHWKe68k4A2613958Yi3YWr1LlH9e8fK8eOK8a858e9W5e2-WmNEaeY8GWHYye812eC9C9WOx1j48Aam992W-WHYK12Hu5XG3qXAG57855e6HAgiWIKaCAAmaYA3CK4A9d1WIaEOOaIH1,25982465C59A19At999-emac24I24KYG1CWG4YYHy4H-eHAX99g3OGXl8aG41AK25AIH9CaKY1g1-8r8HQ3eaY2K5O1kGY261OIY4KoXAWN8L_H9AGqY4HCK2aGYWH98KY1-8Xkn9AH824Y5UYG4WK39CI43x8sWGKa6aIW1-8KKYG4YZem43Q3eGYZ8He5OK5gMGI59OHA6a5eXCKWH9v8199umX99eW,64.22
Puzzle 15x15 #76,15,15,2Heb52Q6eoeGqvY4yKOeK35XCAHG2e6Ya2HezG8IO4GGNY3aaYG2nH6H_m18eGJ9HOY2eI1GYWGH96me25l1xeOel2OA9CXAOI611mWmBCYKI5o5KAIe6AXKHA7GW2WKC1WaeCATWG-K1_A1-8mWx81A1a4HmKaW9Y3D4K4F82ea1e8mK8I863e4tCO7J9mXAOJKSaKe6C1GGYIeeG1eWAOCmHapIm5CC,1A5BA1DC5BA1DFA1y5OKYXe3OHeWGK3ea1e5V84I6241kKX99eWGZAmHzCWGY1D9A3A2KI4WY24Ka66KGHz8tA6Hx8Xeamm5Ca6WGmG6M6Y59ebeYH9A3emKYHu24W25O24IK3eN81-A1xA1-8m1V8WK2aGHCKIWI5CcGY1y24Ya4K2mYWI43OY1zCmZf9O6HCqHEIYY66G24YIYY41eGHOmmH9v9OHOm,81.14
Puzzle 15x15 #77,15,15,824WII6n1eaaIoHKl5WKAHHY12mYXH1aW_H8eb88-KOAksC51LtC99H2CY484eIWL4G5HI5mOZYKG5C56Y7ImG91HY4IY2GWA29H2W9eWe-aIa-GiaHTDIAO822e1G4JK3WXXYLL6A1WXe8YDGe993KH2NdIYCY3aHKaXKGYmH1EK8W4i6CGKHeH4ZYeaXz169WzGmXe39mIKaXe-2Ge9Y5aH4Kn47XG2,224199C785999BAHzA45eYHe2465OK2a1_Y25P81-em5ks3eGL_399eG3eWGWKI1gWGK59A3O7AY2HCK3eZ9CGIWKK2IKWW2K2IY22IYWH-999-8MIHTQIHC2WG58WGcHOW3OHgLCY246YG5D8H99OYY1TyaHOYX9A59CKGYXe47AG24o6X8Y5AK2ZeKI3x8mI4t8m6HOa6IKI65-8WH9eH9eWHu1umWG,64.92
Puzzle 15x15 #78,15,15,O9K471CeGJOHi82TKHAeDI55AA2Yee8G5393aa8PCN4Xo85YOeeQe6ew2fGeG29m5m8emY2GaaYdw4AKT58Yz235HZ2YWGe3o8-81G4HGD2Wa989282H-e8354-AaWYOZeI21Aga159EA4K5CY8A22C35KWb38ICXI5tYA1FKm9GvHOYC1Cm3OaGa6IeA6YqI699A2CIe392A9CHG7XaiiI8OEI9A1MIA,39A1E23A1DC5B82NAHeHQIHeYY4HAKWGK39CII1BOr86o1e5OY5QHCHh8cGK24a3Am4KXA4GaIYph8KHhe25x8XAHS2KGW5CM1-8G24KWq24aaWIWG45-e1CY1-ea45O7eaWG5gIWKaZe1eKXA2Y4G3OYY1PC2a66IHzAK1UHCa1yYmHOW3OXCaGaX9e5O5D9CIaY2X9A6a1ea3e1SX9PP98mn99e1P9e,81.59
Puzzle 15x15 #79,15,15,OH2UMabWnIA8mK5YeYWa44ea4EKCGAAn2G4rXOA9KI3mNYYOW1omOO6Gq6HK3CAmxea4eYQ5Ia5I2m3WIYX2Y4eH8AH2IeIIO9pWiGWeck1VHW17AHqZ3KU1emW25-8W1a15OYWb989L41TY4-42M8335IOA8KaA4AeeK1285S4I53X1WCXK69-4HYemKAzwGIPI18H2F3CH419p854B9I61K9IOG9S21,3A1FB9B879A465AKKYGI4GYI1uYm2KYZ8G1w66KI59O3wKHC24omm6m1DCKKXCY6tAI1eHDeaaYa2mmGIHC4Y4YY2KY4I599Oad8o4GKqr8tA24ZeHDu3ed8Y6WGH-8G4a25OYGoI19gG1kY1-81P83OH9CK2YIKWHA5AG24YZ8IKm644m6K39-8KHAm5eth8aoIWGY1FOXAWGId8K1P99OWH99O19uGW,65.84
Puzzle 15x15 #80,15,15,8G35IX7I5G3K52GtA6194YYCiHmhIn1eOAiHeX542Id2a9YO56XG4a4V12AGYmX92Qb4x3aG8WDeaHWpeY2rA1-GZ1K92929WGh42Ge9YngOOcA9Ya4rIDGe224KAm1WG4a19mYlH924GNw3eWlAO2AGPGl9PKCHKG3AKY2W2H8OI38t1n93ZIxa5195OHK253KI82Ka955WY5W18A8M9Y299E8dDaav5,24659C79A1C5A42tem2aWK5Obe6r9SWK3Ao5eXAW2ap8aa5OKm642I1z8GY4YXCa2co1VOa242qKaY1yKKWNe1-8n8Ya4IWaW1kG2WH9Ang3Oc59eI1T9D8K24GKYm224Ga2a3etAa2G1Tw3e1_5O4YGo1V9i5OHAWm5eK2GWKWX9C1V8Z9CZ9V9e19AXAYG5OYIWG599AK2KKW24K1P9e199u1vf99ve,81.91
Puzzle 15x15 #81,15,15,2uE281I9a9PWYaXfOA_aIH212DK2C6GY248W4-YtW93AY9mZGOYW8OYGgI6H3Xq7IaTI2e3OYKY9WAAXK111CKKK3e3O4OaG8V4_e1xWKa2xI95AaA4PGN8K7ae8Am12IYaI4aHb4m5CHz6C6AW5X51eHWi38mHAH9C5e98-G5m15aGIemYYCe4K89_Gh9mYa9KmIK55e886IefmInGAmC4IB99O1YAIH,1E78419999B859CcmHl99A424Je4XCWK4WG41-At8IXAYaXE4XAWGmK2L9OKXCcn99T98Y6m5AYaWHA3e242mHe5OKXC26IG1_1VA1l8Ya1_II5eIYGMWN8KZ9eGKm24IKaIWIYM1CY65_6mXAG5OKWKY4omWmK5AIXAYa1-8K64Ya2IHCKKXAWKWat8r9OKaaY6IY5eYGW39ecX9SWHOm19P99O1eH9e,66.54
Puzzle 15x15 #82,15,15,1aH8y2OaHKaIOXYG4e995X4p12A3WY1-A51OGmIW_Cm9AqWW-46L66A6a3aK1K1N4XmICI3WI8PDmY12eW5WeCyGD3A6H61VG7AIK2H6Iee6H4MW2eGz1P3Y29MuZH4VI6K2I51Km48KIA86KCS894WI8tYY689O4n3XTaWI11K4-5WA3K91e2U8A5584tGI6AalI6iH6Au4HYm2Yn424qWHA2KQfW3aY,19A1F839A599C3A24KaI5O1y24Y6GK1-eY4m1Ca1zCmIYcG1-83gXCYX9CIKWK1kG3OIX9O2a2oc6YG2K2K45Cp8JOYmHO1x8neaY4HCIHA3A4M24Y1z8bCK19PSneGt9OY2aYW5CW459eG65On8I4Wa1le5C2am1E63wa2aGWY1-A4YmKIGY4p85AKWGt8IXAIt9ObAm5EWK5O4HSWG1f8HeWHff8X9e,83.00
Puzzle 15x15 #83,15,15,1Y9Y5H8eK8K8AJerWWpOEh2Y1AZmHW1Geae1GGOt111GaKt4mat8OWIBa-2Y4HWOO8HEK8-29W55Se6WOOaHP4AKaEuIHXB5eWCGW464Aa8gmeue1WK_XZYeCX81aIe8-YWY61oYz8J2Ym4eAGC9W212eWaOAWF9Smap2gx2GJGa2AA3mX12e2Gd8KHbO25AKKxY69aQ6Y6AeH5WIY8cKGEKGKaIUW8CG,259A5A45A1A25DAr81vCnh8K4HuXAGW259e24GXl8424I5z839_1CWIb9-8KWY43OWKZA1-8aGY5u5O4XCIHiGY59SZ9e6bAY1OW24m4YI1gm5SK245zCZAK3O4GaaY1-eWY6GoHl8cW5OWHA4mI4G2WKWIXA1F9u39v8Ll84J8IWHA3O624YWGd8K5PC4KHeH_HCaIcXAXeY5A2aK1fe1uH8H99v8GmW,66.78
Puzzle 15x15 #84,15,15,1e69a9YHmAqeG9A6c9WH1_3KY8A5mX1H95KIW818-4GAcd4Y6LMJAXKa8tH84H8YXC15AKO5GHa_aICeAKH9254Y6CK81eAJH6i5Y74a9IYK3m8e3a6Kar6AWBOKa1n5AGi18OL3aH4-28XIYmH1I1C34eGAIIHHHIUKafaHHa9QYX4568YY6OWHY8A1TiYO3XBw8H8-WYWAaHK9a145Q8WWX9WZ1eOZK,1A3999A5C5DA19A3QI1A1_XeY4HA3O2KIHAIWG41-82HQp8K6LPDe6YI1VAG2KWYm6W5eHOKWKIt99OYHe598Y4Y3OYG45AJAXBA5u2IIIYY3OGK6Im59TOK1POKI4ZeKGb8W3g39e1-8GX9e3A4IG3O1AWH99A5AIpAIJ9AH99DAm4HOGKK3O2HA4Y1Ti5C6XiN8K1-8KWYaYYIa4WHf8WGX98n8HOne,85.82
Puzzle 15x15 #85,15,15,2Qe16IQ1m9YC1An91t1aC7Wz1m5nAWY1g7e95WW52mYac94C2aG9mH69A4dm1-GX3AmgB5o36I29GeXGYO368Oey22e4W936549IO5HWIA-4QXM3519eHIC33e4WGGAmHJKWA9H96H2l182W-2t8aYWeHKeYUaA2IaWCofH2YaIaea8-WfI5eenOG79CA6G849O6S9pHIW8v15O8AG4521A1AIAee3aUA,1DA439D839A625Ea1z8IXE1V8mHuYGY1g7AIYGWK1C59QI4mGIGI3e6aY1FO1-866HCLPeo3OaGaGYmGYXC61OKd84Y24I66KWaI3eYGaH-8qmo3e2IHAIXC3eGW24HO5QK2KIYI3A1_24W1-8t8IK2KKHeHv9AWIaG6oqY45999AI1-8cIKY5uX879CHOWGWImm79FeIW1F85C2K41eGWH8H9eHeX9ve,67.04
Puzzle 15x15 #86,15,15,8Wve1G4DYHaaAO5bY8A-1PK6142iX2WHKAYaYC38-95eeSeI4O3YK625Wv5E85IYKXWOLIeW25Aj65naaa315-4GI41A5HKWGAYK4AHGeCH835p36W5a9Hn32AYYA5Y2IHM9OaDh1miG5KfeXC44m552G9aBeAK6e6ekwgtC8311PWemAW4WY83aK6l598ABMa6AUACa28Ax93K2d2WK8GO9aA42mK4A4,21FA241DA599A3AMYGH-8bAm241POGWKK5eIY3O1-9A5AZea43OKK6WK1y5S2KaY5OWXgIY4WYYsXAn999CGH-84IGWHAHA24Y5AWHe2K3AG6HvCm4H99AnC2KHeHAY2a5B9CIcr83B8KKqY3OW2mKY24IIbeY5OHC5TkL_6Gm24o1AXeWWGYWmI5CtAI4HBB9CHFAmaWGKt9CKGd81eGGX99eWGXe1eG,86.54
Puzzle 15x15 #87,15,15,4GXI1HHmIPH6a9AtHI4h8qAeaAXWYu29WaW9WVamI4ea865AC29444G-Wce2YOaAl1AcYa89K6ZKmY2Y4e3eCX55YA52eHaA5IKIe644N_KCC5GOAK5GcWTGY4WeJmMAWpeAI4H9WX91wae2WYa5xWG-YO1G968NHW92184Cc9Ha2t9Iz6WXOIWY12fI4m1WWAbICaXYKXAAA5naS41EZ5OmIIID9KuW2,243985A39BA399AtAI1k1QHAIHO45SWIGIWI1V9OI4YaW6K5O4IWG21-8q58Yma5l8HDAIWIYXEKXeWK1e6HO6KHeKY45Aa5AaH9em41kte6mY2m5A58c1kGYGWHDOMY1vAYIWKI46a1kIK24KIHl81-em4WIm2re2IWGWG3f9AI1z99VO1C398K21QIW62WG5iI6a6K5OHeKHEaZ81unemX999f9en8G,67.17
Puzzle 15x15 #88,15,15,2Eem9a93GYK5o92fHaAMA11VWlXW82894IWaK5GA43e5TD3I-WrYeYA16XCOGI8Ga11w4am9eCYOx14YOYWaav1IaGXm4Y-GAKAnH8dH5Y3a81XA5m8KQWGA295XOOA9X6I2YaHk1cmY6SG3eCPY2e36We9I58OK5OW1VbCIA7WhmaKX2x5WY3K19aGlaaH8e8XT93I734893Oe52YGGOe1YII4YI6E9H,27A3999C25A5B98qKIHBAW1_1zCG24Wa4I4IHAWKWXA5wcX9-8NAHe586m3OWI4WIWGN8a6aHCK3x82K3eGaap8aa43OG5-8K5eZAGdeYHCaWGXe5CGKcG4K2aY663AaXCaWKaYr8qmHOn8Xe6be2KXCW599A43AYm21_bCa5E1w6IHO1VeGYXeWaI1_II58YG6N9Ca7OWGIm3AKWKWGXeWH998H9On9e,88.43
Puzzle 15x15 #89,15,15,XA28Gm88OGDIi9AY9V4a8-KAeA61HmYGSIpAYGG1aXYK1eKKOGYI8_CYWaeHZcWAA2C51AK-G6q5XC8Aa62X54Weg2Ge3YqaeQMG44B8eOmBKaoHG15tY4-8CX8A5a8zAK1589aQA52LmKWA7YK9WeWSKKX5C4X8a8XGVIaWVaIeaIaXLX1K56A11eHOG3I345Ka1laxA25KlH2IG3WCW848KaEGWHp95,3A241C2461D9B9AKIt8a1-eHe5CG5OY1uIdAYG24aXAY2K5AmGKI1_XA4IKKZf8HAW6KWK5-8mcK662Kam4XeWG5gGWYmKqa5fB821i2K3ObeabA4G5Ve1-83OW5ea1xAYWH8aIJAY1g3AGHS5Aa2K1SKHCHOG6Wa2m1_aa1l99AaIa6LCWKYXAWG5Am4mamW5eI1V9lAGY5lA2a1C1OWGWGH9uWGHv9e,67.37
Puzzle 15x15 #90,15,15,2SOK4daH455KmHKcWH5YIGEO36Cq1eHK5G1CmAHMW4e5A98t89Kf2XY9ZX95O3aIXLG3Y6YAA5oIHWCf39O5XSeOH8G9MO35KY89Y52AuMKqKXL15B6CKK6mY6I1a4mH2eH699e53AIWWYXgG2_5G8A4G5G-GHZ962WqIIz1K9aKX9699H92G6eaH86WWWG8mH5fYe4lYIN48hyI852Ma62E14BM54HFK,1E3A1F9A45A5C5AcGKHeI1uXCmXf8KYHe423O5Ab825AYI1l8IHf8m59u6IK3OaI6L83AXA5eKoIY4mq39OHCnAXAG2Io6XAHA2a5AG5SMKqHCL8KoXCHeXCYma4aW3e2He399eKXea24HCL81VA44Y24Y1-8YZ9CWGqaIt8KaI5OIX99ea42mKaY4m24G223eYJeY1_59w21TUI4K1P9OWn81PPeWHve,88.69
Puzzle 15x15 #91,15,15,4C5aIDa5C1IvbaXYYW5X31EaO91WyW3C5O5CH28mlW8WHgasYeCH-182S9e1OH22aCJeW5IabIA854wGW48Weq99IXEAWK_W8-IAWCY3H5oK14X49KaYO9mC4eXB4lK5OE1494QAeXa498M85O7ACHCA1WvCZAIK458AYYCYYH9mCaqIe6KAe4eAG4pKYiY5Ce9L-1I2hGWIWe6eV228K1AHYqWYaaKG8,1C599D9A619FB9CYY1AXC1uI6aGGd83OHCKXA24mt84WKL9je5CH-8WGZ9e4XAW2aXDeG599P9e4K1w4W24W5D999CZe45z81-9eW65CYHiYW26WI59ema3O1e6M1_HAm782a1Q5emIWI4MWK3u5CKXA21U3uYIY4KWYY5OHeKI3OIqa5CKKY25AW1UHAoYYXeaL-8I1kG4IGHO5l8WWH8HeHf8H99eWG,67.71
Puzzle 15x15 #92,15,15,4GSHIcC8C99AOG1qKOAKX_15O26H-8GeX9KX1AYKYoG98B99AOafHHP1WamWH3545C8GACIT6HM5GA5e8t2B53CG363KCI61NAA44A1_CG1O3CI41z8Q8N828_KIO54GWAD9Ge9XIGKH1xNHa25a3C4HaY5Oma2a8KmHYi26l2Aema8B95OA15521HXWCVei6AoEaBCv1Y12W8KIO6W99JeG2oBI9qQGW,21E59DC4399A624Jem5eXl8HC2mH-82HCa5CWK5e5P8aGMaaYX9fe5i24a64YmY2HC24YX9wXeoK4KHe1_1PA3O23OXeX9C1kHA4GK1VO246XCaG1x8c1kG41zeIXe244KcIWKaX98HA1xheaGKaXC259A5O6IGa2YXAYo1Ct8YHOa4MI5OK2KYWG5O4XleMm5in9PCd8Y2WGWKaXC199feG1PP99ff8W,90.87
Puzzle 15x15 #93,15,15,GAfC6W2UeXO8fJAcIX9ZGIG3X9Ia4eGaZ8A8-85IW3KWoQ5KaU1av2812l4K2K96441XAWwIImI3mXHYI3eW-121n28I6I9-4Y6A2G-YafOq188XHI92TGa2mKAhHWHAWe5A41aG9GW5OQm6YeIBXC4-G8WH9aHAD1h89fG8y9Z9G2B12I364Am9IXaqXO2lWGoY6A69IWoHKaK3aeGE5HmJa5HG6WQ5W,25DC381FA661DDAqaX9S2aGmmIaa2KWa78Y1-8598mY4ocYH9UWId8241x8KWKI6WG4mK2r99OaXCmHAa3e1-824Z82a399-8K6YG1-AIq6J8WGXeII1kGIGXeKNA1A58KHeG4I2aWGHCq6XA59i3O1-824YaaHAq1h8IcG1v9ua42o24I3OWK399Cac3OGt8GMY6HCaaWMHAaHCaK1uHeXf9eH8m1feW,67.81
Puzzle 15x15 #94,15,15,2yAG2A9AY99J99KWeeFaXGE5eme1C586Y59AGWI4eICe5eWUEaDW-8g95HXKY61eK588ea13y85PHAmCeO953Ee5XC4AC3A8IImCIwe56nKGe75YWI91G5C848OI4emv8XO8aeMre3WSIZ2me6I5X8KAat93IGOYHaIWWZ548AOo1HK5O9-884t9G94Y7eLX25I545e93ICH33v2ee6IKC99eWIaQAee1,1FA2459A599D99AWKHya61u5AXA1CK2XAYaYG2a2H9OYYK1Un9Q1-8L9A5OKY6WK5AGWKa43v8YoHeXCHCaYXEHA3O2K63e4aa3OaNAHOneGKZeY4IaWGK64246a2K3v8m64aYorem4n9S26Yma5OGY59l9Ca4mKKaa24nAWGYXi2YYYX9-821V98IW5SKLO4YIKWK59OaXeXCd8KKX9eX99e199feHeW,92.58
Puzzle 15x15 #95,15,15,XG4GZaH2ac9O3a3gIVaAYe9Y8O6HF1YC8m8HX42ZWXKQ26Y81V6Yx8AIH5422ee1W3XXKYGCAbHKAiHQfeY4SgA9AWZK2SHGm8WzGa2Gre64299IWwWW742H2a4x1mOK4Y12GVgbpeeYADW95-2mK21CGIB2IG-KGTWuXKCYoXEGG182H4KX74A4aOYdWf4VICHoH1C592HY9W8I154YyaII3m9X58CDe,382479A19D9C39CL9_aHAH9e4XCKd8Y6Wm25O24Z8XecGmK41_65x8H9AYG42YY4Wmm6HA46HPeKKo5DDeK2ngH9A4Ze1uYW6W1V8I41wHC24IaI1kG1u24K2a4t8m6KWK241zgodeK5eq2a5-8XAG2mGab8a1-eWN87OK3ebCZ8WG4WKWHCZ8KWa6HF8c1l9CYMY4XeIWKYIWGa4KWHv999OX9OH8Xfe,67.91
Puzzle 15x15 #96,15,15,4IQIIyI6K9K28Ye2IW242aIG8_9z2WCSAzXWA9mnW215naaGmeeAeH9G-2Ie2-1398YZ444a55c8kGY2Kaax254GWe1WAe8-42GmAF3q55XCK4AoC6eCHGa1XIDHHAA69sY5OqZ6I9AeAGXeGeH4H11H5fe1HamAH1lW4B4A2OiA6H6I8KV1GI8v89WIHA926K7H-1e1eYmmIX9mC68eeD2SaI9B9YGIA,19D99F9C59A425A2a24WGaa41z9x8G3u5_61eaXEW24HEIaWmHAY5eI1-8aK1-8398Hu24GaHecWN8K2599_4Y42WK2WKY1-84Wm5vCJeKXCKWKbC3e3e2I4X9fe5eYX9RAHCJu399e5AG3AGKY4H82K5De2H9OKY1_24oWY43PA3e6IWHx82I4p8I2IHeIG65SH-8K2KHO39OamXC1eHf8n999P9e19e,95.54
Puzzle 15x15 #97,15,15,25Ma8C2ci412W9EJ4K9Y9mAKa-28I2m6kIDAYY4WY4AxH988OYWHBbHO63W8S269qma4e5S2IG89mmaY5Oe6CYc2t61aa4eeeAnO5eYHH9HI234AH4AGa6AH4-WES8-9IYKOHabI83YWWWCWgYAeO158GYII5qa3n89G89t44WG3AX5K6It12OkkGlGY8IY9mCDH8Ge5K39WmCmH9G6aaaI9fay8HIc93,25B9861DB82419Eq2H9eIXAH9-82aGXCN9DAHAG4YG5xAaWGXAG5Pi5OXCGGZ839DOa2YY78a24I3Oa5e6HOmKc1zC2IIWY5eHE3eYHeYIKI4m25eGK2I3AK1-8nE1-99e5OKIoaG3eGWG61g5e5OGY24H99AcI6n8a24It8424mKmHAX9x82mNh8t8Y19AI63QKWGHeHCI43OmKIGX99999f9v8H9f9O,68.06
Puzzle 15x15 #98,15,15,3IY82I9JK4MaCCeA4_G2W98YK93A5eY69bQa78LGgC87YI8m9H8eA29mAAm8WA2YWkCaZJXIOm6J8V4Gy95HY1HCY2u452MWAf2aOa8HYA6O95e4D55eAI66EIX8O3aGCOmGtWMI248H1lWIOPKXL4WepkWI63Y1KWA1aDCOeK5b2-4eA3OCXKAe4EI42Y51HHD6K455HGOOG-96KOGZfema9SXHe24Q1,39A4199DA1B9C3AK1x842a2HAIXAKKY39Pf9u4L8LO1uYIG39A4YY4a3A5CG2K2K1w6InfCImXCq1_21yIHAY4K3e4Z8YGMW5Q2Ima4KYK3OaKY1QKHeYa3OZ9OWXCI4m661z8MI244Y1x8amMY3gG2Kph8I3OY4YGKGIq3OHAKM1-8He63OXAHA1uaGWHA4YHQ6K4K5e2661-9O5OWnfeX99umHeG1f8,97.10
Puzzle 15x15 #99,15,15,GHmGO83GcE8c9HCGF_WBHI99995EC53HYI2QC6ICC98IH1m9K62HM5913C5COA9AmAe6Y9HA6ASH6uKHeCm1KXCWY8A4COOaeKa2HedKKJ9eA1C1WBP6a8xG4H4vYJAOHmOYH51N4HKao356Y3l4I8KW5H3H9K8WZG1K_kWIYeWmnHa59Y11GKC92anIX6O9H8GmHKYmY9G864Otk189KXeX2Mve59CWG,1A643861DE1D9A61yt8MYIaaIa5EmK3eYIWJOma6maWIYG6IHCG5iYIW66HO3eIKXAYXAIHemHEK3u5AHO6GHC64YGY1OXCI5eI2YYpAKJ9AY2m41PPOIGt82K1UHQY3A63AKYGr8YH9POKmHOt8I4Y1AHC59e41EWG5_N8IYY1CZAaH9eWGWK6IGIZ9Om39A44XeKK6KI246G3xh819eXem1PveH9OGG,98.48
Puzzle 15x15 #100,15,15,WY9mGWeIeeMW274o3YKxI2WVWAIAaH1O9O8C1NKWYIK8z519CmWx8eYW44eGY5dmOYA1SIaUmK9MWY3e1hW5K35Ke6XCAYe65vG64Ou9X5C9K16HeHHKY36mH251AT2Xem16EeYA8hea2GeXsYe292KXl8a8zIn42XC4IK34XEmX42j4XVAeCI9W4aa2e5KGG4JgHWKQyIV2v9IIz1CGKZ8223WWHI2G1,259C2459A5B81E2o6Y5_a24t8H9eIK2mImWm2reG59A1_K2I661z85e24GYGY5UmmKY4Z99y3AIoWHCY1w4HAXAKHO3O5e5O5v86G6n9CKX9e2XA5eHeHCXCY1A45T8m5C46ZAYK2rea24YXjeKGIGY3x8a1x9SW4XC4IHOGXE3OW1j8XlAK3998WII25e58WGqLA25DUIt8d999l8X8HuWWGmGWH98WG,102.84
